distance_cm,ttc,v_rel,voltage,raw_percent,cmd_percent,delta_thr_raw,scenario,misop_flag
0,1.70681,1.36263,1.36263,1.36263,3,0
0,1.69795,0,0,1.36263,3,0
0,1.70198,0.395608,0.395608,0.395608,3,0
0,1.69875,0,0,0.395608,3,0
0,1.69553,0,0,0,3,0
0,1.72857,5.7143,5.7143,5.7143,3,0
0,1.7326,6.52015,6.52015,0.805855,3,0
0,1.83092,26.1832,26.1832,19.663,3,0
0,1.95421,50.8425,50.8425,24.6593,3,0
0,1.98564,57.1282,57.1282,6.28572,3,0
0,1.98564,57.1282,57.1282,0,3,0
0,2.03641,67.2821,67.2821,10.1538,3,0
0,2.06945,73.8901,73.8901,6.60806,3,0
0,1.7874,17.4798,17.4798,56.4103,3,0
0,1.77934,15.8681,15.8681,1.61171,3,0
0,1.79223,18.4469,18.4469,2.57876,3,0
0,1.80593,21.1868,21.1868,2.73991,3,0
0,1.72132,4.26373,4.26373,16.9231,3,0
0,1.73663,7.32601,7.32601,3.06227,3,0
0,1.72777,5.55313,5.55313,1.77288,3,0
0,1.70198,0.395608,0.395608,5.15752,3,0
0,1.93729,47.4579,47.4579,47.0623,3,0
0,1.843,28.6007,28.6007,18.8571,3,0
0,1.78901,17.8022,17.8022,10.7985,3,0
0,1.77853,15.707,15.707,2.09522,3,0
0,1.77612,15.2235,15.2235,0.483513,3,0
0,1.77773,15.5458,15.5458,0.322342,3,0
0,1.73582,7.16484,7.16484,8.38096,3,0
0,1.72293,4.58608,4.58608,2.57876,3,0
0,1.7181,3.61905,3.61905,0.967026,3,0
0,1.7052,1.04029,1.04029,2.57876,3,0
0,1.72132,4.26373,4.26373,3.22344,3,0
0,1.72777,5.55313,5.55313,1.28939,3,0
0,1.72696,5.39196,5.39196,0.161171,3,0
0,1.7189,3.78022,3.78022,1.61173,3,0
0,1.7326,6.52015,6.52015,2.73993,3,0
0,1.72051,4.10256,4.10256,2.41759,3,0
0,1.72696,5.39196,5.39196,1.28939,3,0
0,1.71971,3.94139,3.94139,1.45056,3,0
0,1.75597,11.1941,11.1941,7.25274,3,0
0,1.71487,2.97437,2.97437,8.21977,3,0
0,1.72374,4.74725,4.74725,1.77288,3,0
0,1.72615,5.23078,5.23078,0.483537,3,0
0,1.70842,1.68498,1.68498,3.54581,3,0
0,1.70681,1.36263,1.36263,0.322342,3,0
0,1.7181,3.61905,3.61905,2.25642,3,0
0,1.71165,2.32968,2.32968,1.28937,3,0
0,1.71407,2.8132,2.8132,0.483513,3,0
0,1.72132,4.26373,4.26373,1.45054,3,0
0,1.70842,1.68498,1.68498,2.57876,3,0
0,1.71165,2.32968,2.32968,0.644708,3,0
0,1.70762,1.5238,1.5238,0.805879,3,0
0,1.71004,2.00734,2.00734,0.483537,3,0
0,1.71568,3.13554,3.13554,1.1282,3,0
0,1.70359,0.71795,0.71795,2.41759,3,0
0,1.71165,2.32968,2.32968,1.61173,3,0
0,1.70842,1.68498,1.68498,0.644708,3,0
0,1.70923,1.84615,1.84615,0.161171,3,0
0,1.71165,2.32968,2.32968,0.483537,3,0
0,1.71487,2.97437,2.97437,0.644684,3,0
0,1.71084,2.16851,2.16851,0.805855,3,0
0,1.70601,1.20146,1.20146,0.96705,3,0
0,1.71165,2.32968,2.32968,1.12822,3,0
0,1.71971,3.94139,3.94139,1.61171,3,0
0,1.71165,2.32968,2.32968,1.61171,3,0
0,1.71165,2.32968,2.32968,0,3,0
0,1.71648,3.29671,3.29671,0.967026,3,0
0,1.70681,1.36263,1.36263,1.93408,3,0
0,1.71487,2.97437,2.97437,1.61173,3,0
0,1.71326,2.65203,2.65203,0.322342,3,0
0,1.71729,3.45788,3.45788,0.805855,3,0
0,1.71729,3.45788,3.45788,0,3,0
0,1.72051,4.10256,4.10256,0.644684,3,0
0,1.71326,2.65203,2.65203,1.45054,3,0
0,1.72454,4.90842,4.90842,2.25639,3,0
0,1.71165,2.32968,2.32968,2.57874,3,0
0,1.7181,3.61905,3.61905,1.28937,3,0
0,1.7181,3.61905,3.61905,0,3,0
0,1.71568,3.13554,3.13554,0.483513,3,0
0,1.72051,4.10256,4.10256,0.967026,3,0
0,1.71487,2.97437,2.97437,1.1282,3,0
0,1.7181,3.61905,3.61905,0.644684,3,0
0,1.70923,1.84615,1.84615,1.7729,3,0
0,1.70842,1.68498,1.68498,0.161171,3,0
0,1.71165,2.32968,2.32968,0.644708,3,0
0,1.7052,1.04029,1.04029,1.28939,3,0
0,1.70842,1.68498,1.68498,0.644684,3,0
0,1.7052,1.04029,1.04029,0.644684,3,0
0,1.71084,2.16851,2.16851,1.12822,3,0
0,1.7052,1.04029,1.04029,1.12822,3,0
0,1.70842,1.68498,1.68498,0.644684,3,0
0,1.70359,0.71795,0.71795,0.967026,3,0
0,1.70842,1.68498,1.68498,0.967026,3,0
0,1.70923,1.84615,1.84615,0.161171,3,0
0,1.71568,3.13554,3.13554,1.28939,3,0
0,1.70923,1.84615,1.84615,1.28939,3,0
0,1.70842,1.68498,1.68498,0.161171,3,0
0,1.71245,2.49085,2.49085,0.805879,3,0
0,1.71084,2.16851,2.16851,0.322342,3,0
0,1.7044,0.879121,0.879121,1.28939,3,0
0,1.70198,0.395608,0.395608,0.483513,3,0
0,1.72374,4.74725,4.74725,4.35164,3,0
0,1.69714,0,0,4.74725,3,0
0,1.71971,3.94139,3.94139,3.94139,3,0
0,1.70359,0.71795,0.71795,3.22344,3,0
0,1.70762,1.5238,1.5238,0.805855,3,0
0,1.71487,2.97437,2.97437,1.45056,3,0
0,1.70842,1.68498,1.68498,1.28939,3,0
0,1.70923,1.84615,1.84615,0.161171,3,0
0,1.70198,0.395608,0.395608,1.45054,3,0
0,1.7052,1.04029,1.04029,0.644684,3,0
0,1.72051,4.10256,4.10256,3.06227,3,0
0,1.72051,4.10256,4.10256,0,3,0
0,1.70842,1.68498,1.68498,2.41759,3,0
0,1.72374,4.74725,4.74725,3.06227,3,0
0,1.7044,0.879121,0.879121,3.86813,3,0
0,1.7181,3.61905,3.61905,2.73993,3,0
0,1.7181,3.61905,3.61905,0,3,0
0,1.70198,0.395608,0.395608,3.22344,3,0
0,1.71729,3.45788,3.45788,3.06227,3,0
0,1.72212,4.42491,4.42491,0.967026,3,0
0,1.71487,2.97437,2.97437,1.45054,3,0
0,1.71487,2.97437,2.97437,0,3,0
0,1.71165,2.32968,2.32968,0.644684,3,0
0,1.71487,2.97437,2.97437,0.644684,3,0
0,1.70842,1.68498,1.68498,1.28939,3,0
0,1.71729,3.45788,3.45788,1.7729,3,0
0,1.71004,2.00734,2.00734,1.45054,3,0
0,1.71165,2.32968,2.32968,0.322342,3,0
0,1.71487,2.97437,2.97437,0.644684,3,0
0,1.71487,2.97437,2.97437,0,3,0
0,1.70923,1.84615,1.84615,1.12822,3,0
0,1.70842,1.68498,1.68498,0.161171,3,0
0,1.71487,2.97437,2.97437,1.28939,3,0
0,1.7052,1.04029,1.04029,1.93408,3,0
0,1.71245,2.49085,2.49085,1.45056,3,0
0,1.71165,2.32968,2.32968,0.161171,3,0
0,1.70601,1.20146,1.20146,1.12822,3,0
0,1.71165,2.32968,2.32968,1.12822,3,0
0,1.71245,2.49085,2.49085,0.161171,3,0
0,1.71729,3.45788,3.45788,0.967026,3,0
0,1.70923,1.84615,1.84615,1.61173,3,0
0,1.71487,2.97437,2.97437,1.12822,3,0
0,1.71326,2.65203,2.65203,0.322342,3,0
0,1.74711,9.42125,9.42125,6.76923,3,0
0,1.70842,1.68498,1.68498,7.73628,3,0
0,1.72454,4.90842,4.90842,3.22344,3,0
0,1.70601,1.20146,1.20146,3.70696,3,0
0,1.71648,3.29671,3.29671,2.09525,3,0
0,1.70198,0.395608,0.395608,2.9011,3,0
0,1.71568,3.13554,3.13554,2.73993,3,0
0,1.72212,4.42491,4.42491,1.28937,3,0
0,1.71165,2.32968,2.32968,2.09522,3,0
0,1.71487,2.97437,2.97437,0.644684,3,0
0,1.71487,2.97437,2.97437,0,3,0
0,1.71648,3.29671,3.29671,0.322342,3,0
0,1.71004,2.00734,2.00734,1.28937,3,0
0,1.71245,2.49085,2.49085,0.483513,3,0
0,1.7181,3.61905,3.61905,1.1282,3,0
0,1.71165,2.32968,2.32968,1.28937,3,0
0,1.71004,2.00734,2.00734,0.322342,3,0
0,1.70842,1.68498,1.68498,0.322366,3,0
0,1.7181,3.61905,3.61905,1.93408,3,0
0,1.71487,2.97437,2.97437,0.644684,3,0
0,1.71407,2.8132,2.8132,0.161171,3,0
0,1.72454,4.90842,4.90842,2.09522,3,0
0,1.71729,3.45788,3.45788,1.45054,3,0
0,1.71568,3.13554,3.13554,0.322342,3,0
0,1.70842,1.68498,1.68498,1.45056,3,0
0,1.72293,4.58608,4.58608,2.9011,3,0
0,1.71487,2.97437,2.97437,1.61171,3,0
0,1.71729,3.45788,3.45788,0.483513,3,0
0,1.70842,1.68498,1.68498,1.7729,3,0
0,1.71487,2.97437,2.97437,1.28939,3,0
0,1.7052,1.04029,1.04029,1.93408,3,0
0,1.72132,4.26373,4.26373,3.22344,3,0
0,1.72615,5.23078,5.23078,0.96705,3,0
0,1.72132,4.26373,4.26373,0.96705,3,0
0,1.72132,4.26373,4.26373,0,3,0
0,1.71084,2.16851,2.16851,2.09522,3,0
0,1.71568,3.13554,3.13554,0.967026,3,0
0,1.71729,3.45788,3.45788,0.322342,3,0
0,1.70359,0.71795,0.71795,2.73993,3,0
0,1.70842,1.68498,1.68498,0.967026,3,0
0,1.71487,2.97437,2.97437,1.28939,3,0
0,1.71407,2.8132,2.8132,0.161171,3,0
0,1.72454,4.90842,4.90842,2.09522,3,0
0,1.72051,4.10256,4.10256,0.805855,3,0
0,1.72051,4.10256,4.10256,0,3,0
0,1.70198,0.395608,0.395608,3.70696,3,0
0,1.71407,2.8132,2.8132,2.41759,3,0
0,1.72051,4.10256,4.10256,1.28937,3,0
0,1.71004,2.00734,2.00734,2.09522,3,0
0,1.71326,2.65203,2.65203,0.644684,3,0
0,1.7189,3.78022,3.78022,1.1282,3,0
0,1.71487,2.97437,2.97437,0.805855,3,0
0,1.71487,2.97437,2.97437,0,3,0
0,1.70359,0.71795,0.71795,2.25642,3,0
0,1.71165,2.32968,2.32968,1.61173,3,0
0,1.70923,1.84615,1.84615,0.483537,3,0
0,1.70842,1.68498,1.68498,0.161171,3,0
0,1.70762,1.5238,1.5238,0.161171,3,0
0,1.7181,3.61905,3.61905,2.09525,3,0
0,1.72454,4.90842,4.90842,1.28937,3,0
0,1.7052,1.04029,1.04029,3.86813,3,0
0,1.71487,2.97437,2.97437,1.93408,3,0
0,1.70762,1.5238,1.5238,1.45056,3,0
0,1.71407,2.8132,2.8132,1.28939,3,0
0,1.71648,3.29671,3.29671,0.483513,3,0
0,1.71084,2.16851,2.16851,1.1282,3,0
0,1.72051,4.10256,4.10256,1.93405,3,0
0,1.71487,2.97437,2.97437,1.1282,3,0
0,1.70198,0.395608,0.395608,2.57876,3,0
0,1.71487,2.97437,2.97437,2.57876,3,0
0,1.71487,2.97437,2.97437,0,3,0
0,1.71326,2.65203,2.65203,0.322342,3,0
0,1.71487,2.97437,2.97437,0.322342,3,0
0,1.71568,3.13554,3.13554,0.161171,3,0
0,1.71729,3.45788,3.45788,0.322342,3,0
0,1.72132,4.26373,4.26373,0.805855,3,0
0,1.71648,3.29671,3.29671,0.967026,3,0
0,1.7052,1.04029,1.04029,2.25642,3,0
0,1.7181,3.61905,3.61905,2.57876,3,0
0,1.72051,4.10256,4.10256,0.483513,3,0
0,1.71165,2.32968,2.32968,1.77288,3,0
0,1.71729,3.45788,3.45788,1.1282,3,0
0,1.71407,2.8132,2.8132,0.644684,3,0
0,1.7189,3.78022,3.78022,0.967026,3,0
0,1.71648,3.29671,3.29671,0.483513,3,0
0,1.71971,3.94139,3.94139,0.644684,3,0
0,1.70842,1.68498,1.68498,2.25642,3,0
0,1.71648,3.29671,3.29671,1.61173,3,0
0,1.71648,3.29671,3.29671,0,3,0
0,1.71245,2.49085,2.49085,0.805855,3,0
0,1.70842,1.68498,1.68498,0.805879,3,0
0,1.71568,3.13554,3.13554,1.45056,3,0
0,1.70601,1.20146,1.20146,1.93408,3,0
0,1.71407,2.8132,2.8132,1.61173,3,0
0,1.72132,4.26373,4.26373,1.45054,3,0
0,1.71971,3.94139,3.94139,0.322342,3,0
0,1.71245,2.49085,2.49085,1.45054,3,0
0,1.72051,4.10256,4.10256,1.61171,3,0
0,1.72132,4.26373,4.26373,0.161171,3,0
0,1.71648,3.29671,3.29671,0.967026,3,0
0,1.71487,2.97437,2.97437,0.322342,3,0
0,1.72132,4.26373,4.26373,1.28937,3,0
0,1.72132,4.26373,4.26373,0,3,0
0,1.72777,5.55313,5.55313,1.28939,3,0
0,1.70842,1.68498,1.68498,3.86815,3,0
0,1.71487,2.97437,2.97437,1.28939,3,0
0,1.72051,4.10256,4.10256,1.1282,3,0
0,1.72535,5.06959,5.06959,0.967026,3,0
0,1.71245,2.49085,2.49085,2.57874,3,0
0,1.70842,1.68498,1.68498,0.805879,3,0
0,1.72051,4.10256,4.10256,2.41759,3,0
0,1.70601,1.20146,1.20146,2.9011,3,0
0,1.71245,2.49085,2.49085,1.28939,3,0
0,1.71487,2.97437,2.97437,0.483513,3,0
0,1.71487,2.97437,2.97437,0,3,0
0,1.71326,2.65203,2.65203,0.322342,3,0
0,1.70842,1.68498,1.68498,0.96705,3,0
0,1.71165,2.32968,2.32968,0.644708,3,0
0,1.71487,2.97437,2.97437,0.644684,3,0
0,1.71487,2.97437,2.97437,0,3,0
0,1.71487,2.97437,2.97437,0,3,0
0,1.71648,3.29671,3.29671,0.322342,3,0
0,1.7181,3.61905,3.61905,0.322342,3,0
0,1.72454,4.90842,4.90842,1.28937,3,0
0,1.72615,5.23078,5.23078,0.322366,3,0
0,1.71004,2.00734,2.00734,3.22344,3,0
0,1.70762,1.5238,1.5238,0.483537,3,0
0,1.70198,0.395608,0.395608,1.1282,3,0
0,1.70762,1.5238,1.5238,1.1282,3,0
0,1.71407,2.8132,2.8132,1.28939,3,0
0,1.71245,2.49085,2.49085,0.322342,3,0
0,1.71165,2.32968,2.32968,0.161171,3,0
0,1.72132,4.26373,4.26373,1.93405,3,0
0,1.72696,5.39196,5.39196,1.12822,3,0
0,1.70762,1.5238,1.5238,3.86815,3,0
0,1.74711,9.42125,9.42125,7.89745,3,0
0,1.71004,2.00734,2.00734,7.41391,3,0
0,1.70762,1.5238,1.5238,0.483537,3,0
0,1.7052,1.04029,1.04029,0.483513,3,0
0,1.71407,2.8132,2.8132,1.7729,3,0
0,1.70842,1.68498,1.68498,1.12822,3,0
0,1.70359,0.71795,0.71795,0.967026,3,0
0,1.7052,1.04029,1.04029,0.322342,3,0
0,1.70198,0.395608,0.395608,0.644684,3,0
0,1.70359,0.71795,0.71795,0.322342,3,0
0,1.70359,0.71795,0.71795,0,3,0
0,1.70842,1.68498,1.68498,0.967026,3,0
0,1.70198,0.395608,0.395608,1.28937,3,0
0,1.70842,1.68498,1.68498,1.28937,3,0
0,1.71407,2.8132,2.8132,1.12822,3,0
0,1.70923,1.84615,1.84615,0.96705,3,0
0,1.70842,1.68498,1.68498,0.161171,3,0
0,1.71084,2.16851,2.16851,0.483537,3,0
0,1.69714,0,0,2.16851,3,0
0,1.70681,1.36263,1.36263,1.36263,3,0
0,1.7181,3.61905,3.61905,2.25642,3,0
0,1.74227,8.45423,8.45423,4.83518,3,0
0,1.71004,2.00734,2.00734,6.44689,3,0
0,1.70681,1.36263,1.36263,0.644708,3,0
0,1.70923,1.84615,1.84615,0.483513,3,0
0,1.70198,0.395608,0.395608,1.45054,3,0
0,1.72212,4.42491,4.42491,4.0293,3,0
0,1.70198,0.395608,0.395608,4.0293,3,0
0,1.71407,2.8132,2.8132,2.41759,3,0
0,1.69956,0,0,2.8132,3,0
0,1.69553,0,0,0,3,0
0,1.70842,1.68498,1.68498,1.68498,3,0
0,1.69634,0,0,1.68498,3,0
0,1.70198,0.395608,0.395608,0.395608,3,0
0,1.70198,0.395608,0.395608,0,3,0
0,1.71407,2.8132,2.8132,2.41759,3,0
0,1.71084,2.16851,2.16851,0.644684,3,0
0,1.70601,1.20146,1.20146,0.96705,3,0
0,1.71407,2.8132,2.8132,1.61173,3,0
0,1.7181,3.61905,3.61905,0.805855,3,0
0,1.71487,2.97437,2.97437,0.644684,3,0
0,1.70198,0.395608,0.395608,2.57876,3,0
0,1.70762,1.5238,1.5238,1.1282,3,0
0,1.71326,2.65203,2.65203,1.12822,3,0
0,1.70278,0.556779,0.556779,2.09525,3,0
0,1.70601,1.20146,1.20146,0.644684,3,0
0,1.69553,0,0,1.20146,3,0
0,1.71165,2.32968,2.32968,2.32968,3,0
0,1.70681,1.36263,1.36263,0.96705,3,0
0,1.71407,2.8132,2.8132,1.45056,3,0
0,1.7044,0.879121,0.879121,1.93408,3,0
0,1.69553,0,0,0.879121,3,0
0,1.71487,2.97437,2.97437,2.97437,3,0
0,1.70278,0.556779,0.556779,2.41759,3,0
0,1.71165,2.32968,2.32968,1.7729,3,0
0,1.7052,1.04029,1.04029,1.28939,3,0
0,1.71407,2.8132,2.8132,1.7729,3,0
0,1.72051,4.10256,4.10256,1.28937,3,0
0,1.7052,1.04029,1.04029,3.06227,3,0
0,1.70359,0.71795,0.71795,0.322342,3,0
0,1.72374,4.74725,4.74725,4.0293,3,0
0,1.70762,1.5238,1.5238,3.22344,3,0
0,1.71407,2.8132,2.8132,1.28939,3,0
0,1.7052,1.04029,1.04029,1.7729,3,0
0,1.70198,0.395608,0.395608,0.644684,3,0
0,1.70842,1.68498,1.68498,1.28937,3,0
0,1.70278,0.556779,0.556779,1.1282,3,0
0,1.70198,0.395608,0.395608,0.161171,3,0
0,1.70842,1.68498,1.68498,1.28937,3,0
0,1.71487,2.97437,2.97437,1.28939,3,0
0,1.70359,0.71795,0.71795,2.25642,3,0
0,1.70681,1.36263,1.36263,0.644684,3,0
0,1.71326,2.65203,2.65203,1.28939,3,0
0,1.71729,3.45788,3.45788,0.805855,3,0
0,1.71084,2.16851,2.16851,1.28937,3,0
0,1.70681,1.36263,1.36263,0.805879,3,0
0,1.71165,2.32968,2.32968,0.96705,3,0
0,1.72454,4.90842,4.90842,2.57874,3,0
0,1.7181,3.61905,3.61905,1.28937,3,0
0,1.74227,8.45423,8.45423,4.83518,3,0
0,1.75355,10.7106,10.7106,2.25639,3,0
0,1.74147,8.29303,8.29303,2.41759,3,0
0,1.72777,5.55313,5.55313,2.73991,3,0
0,1.75355,10.7106,10.7106,5.15749,3,0
0,1.79546,19.0916,19.0916,8.38096,3,0
0,1.72777,5.55313,5.55313,13.5385,3,0
0,1.74549,9.09891,9.09891,3.54578,3,0
0,1.74711,9.42125,9.42125,0.322342,3,0
0,1.74711,9.42125,9.42125,0,3,0
0,1.77128,14.2564,14.2564,4.83515,3,0
0,1.78095,16.1905,16.1905,1.93408,3,0
0,1.76645,13.2894,13.2894,2.9011,3,0
0,1.75355,10.7106,10.7106,2.57876,3,0
0,1.76564,13.1282,13.1282,2.41759,3,0
0,1.77934,15.8681,15.8681,2.73993,3,0
0,1.78579,17.1575,17.1575,1.28937,3,0
0,1.78901,17.8022,17.8022,0.644684,3,0
0,1.77451,14.9011,14.9011,2.90108,3,0
0,1.76645,13.2894,13.2894,1.61173,3,0
0,1.76322,12.6447,12.6447,0.644684,3,0
0,1.76886,13.7729,13.7729,1.1282,3,0
0,1.76484,12.967,12.967,0.805855,3,0
0,1.77853,15.707,15.707,2.73993,3,0
0,1.77048,14.0952,14.0952,1.61173,3,0
0,1.76645,13.2894,13.2894,0.805855,3,0
0,1.76967,13.9341,13.9341,0.644684,3,0
0,1.76645,13.2894,13.2894,0.644684,3,0
0,1.76403,12.8059,12.8059,0.483513,3,0
0,1.76,12,12,0.805855,3,0
0,1.76645,13.2894,13.2894,1.28937,3,0
0,1.76645,13.2894,13.2894,0,3,0
0,1.73985,7.97069,7.97069,5.31869,3,0
0,1.71648,3.29671,3.29671,4.67398,3,0
0,1.71487,2.97437,2.97437,0.322342,3,0
0,1.70278,0.556779,0.556779,2.41759,3,0
0,1.71165,2.32968,2.32968,1.7729,3,0
0,1.72615,5.23078,5.23078,2.9011,3,0
0,1.72696,5.39196,5.39196,0.161171,3,0
0,1.71487,2.97437,2.97437,2.41759,3,0
0,1.72132,4.26373,4.26373,1.28937,3,0
0,1.72777,5.55313,5.55313,1.28939,3,0
0,1.71487,2.97437,2.97437,2.57876,3,0
0,1.70198,0.395608,0.395608,2.57876,3,0
0,1.71487,2.97437,2.97437,2.57876,3,0
0,1.71487,2.97437,2.97437,0,3,0
0,1.71004,2.00734,2.00734,0.967026,3,0
0,1.73099,6.19781,6.19781,4.19047,3,0
0,1.70601,1.20146,1.20146,4.99635,3,0
0,1.72293,4.58608,4.58608,3.38461,3,0
0,1.72051,4.10256,4.10256,0.483513,3,0
0,1.7181,3.61905,3.61905,0.483513,3,0
0,1.7052,1.04029,1.04029,2.57876,3,0
0,1.72132,4.26373,4.26373,3.22344,3,0
0,1.70198,0.395608,0.395608,3.86813,3,0
0,1.70601,1.20146,1.20146,0.805855,3,0
0,1.71407,2.8132,2.8132,1.61173,3,0
0,1.71407,2.8132,2.8132,0,3,0
0,1.7181,3.61905,3.61905,0.805855,3,0
0,1.71326,2.65203,2.65203,0.967026,3,0
0,1.72293,4.58608,4.58608,1.93405,3,0
0,1.70842,1.68498,1.68498,2.9011,3,0
0,1.71487,2.97437,2.97437,1.28939,3,0
0,1.70198,0.395608,0.395608,2.57876,3,0
0,1.71568,3.13554,3.13554,2.73993,3,0
0,1.70359,0.71795,0.71795,2.41759,3,0
0,1.70923,1.84615,1.84615,1.1282,3,0
0,1.72051,4.10256,4.10256,2.25642,3,0
0,1.72454,4.90842,4.90842,0.805855,3,0
0,1.70198,0.395608,0.395608,4.51281,3,0
0,1.70359,0.71795,0.71795,0.322342,3,0
0,1.69231,0,0,0.71795,3,0
0,1.70198,0.395608,0.395608,0.395608,3,0
0,1.70198,0.395608,0.395608,0,3,0
0,1.69553,0,0,0.395608,3,0
0,1.70198,0.395608,0.395608,0.395608,3,0
0,1.70198,0.395608,0.395608,0,3,0
0,1.70117,0.234437,0.234437,0.161171,3,0
0,1.70117,0.234437,0.234437,0,3,0
0,1.69392,0,0,0.234437,3,0
0,1.68989,0,0,0,3,0
0,1.71407,2.8132,2.8132,2.8132,3,0
0,1.70681,1.36263,1.36263,1.45056,3,0
0,1.69956,0,0,1.36263,3,0
0,1.70681,1.36263,1.36263,1.36263,3,0
0,1.70842,1.68498,1.68498,0.322342,3,0
0,1.70278,0.556779,0.556779,1.1282,3,0
0,1.70198,0.395608,0.395608,0.161171,3,0
0,1.69473,0,0,0.395608,3,0
0,1.70117,0.234437,0.234437,0.234437,3,0
0,1.70198,0.395608,0.395608,0.161171,3,0
0,1.7052,1.04029,1.04029,0.644684,3,0
0,1.7044,0.879121,0.879121,0.161171,3,0
0,1.68989,0,0,0.879121,3,0
0,1.6907,0,0,0,3,0
0,1.6778,0,0,0,3,0
0,1.67297,0,0,0,3,0
0,1.68908,0,0,0,3,0
0,1.70117,0.234437,0.234437,0.234437,3,0
0,1.70198,0.395608,0.395608,0.161171,3,0
0,1.69875,0,0,0.395608,3,0
0,1.64315,0,0,0,3,0
0,1.52791,0,0,0,3,0
0,1.51663,0,0,0,3,0
0,1.48037,0,0,0,3,0
0,1.46183,0,0,0,3,0
0,1.69634,0,0,0,3,0
0,1.70198,0.395608,0.395608,0.395608,3,0
0,1.76725,13.4506,13.4506,13.0549,3,0
0,1.78579,17.1575,17.1575,3.70696,3,0
0,1.77209,14.4176,14.4176,2.73993,3,0
0,1.70198,0.395608,0.395608,14.022,3,0
0,1.69956,0,0,0.395608,3,0
0,1.70842,1.68498,1.68498,1.68498,3,0
0,1.71487,2.97437,2.97437,1.28939,3,0
0,1.72132,4.26373,4.26373,1.28937,3,0
0,1.71487,2.97437,2.97437,1.28937,3,0
0,1.77853,15.707,15.707,12.7326,3,0
0,1.76242,12.4835,12.4835,3.22344,3,0
0,1.75436,10.8718,10.8718,1.61173,3,0
0,1.75678,11.3553,11.3553,0.483513,3,0
0,1.75355,10.7106,10.7106,0.644684,3,0
0,1.75839,11.6777,11.6777,0.96705,3,0
0,1.72777,5.55313,5.55313,6.12454,3,0
0,1.72132,4.26373,4.26373,1.28939,3,0
0,1.72293,4.58608,4.58608,0.322342,3,0
0,1.72374,4.74725,4.74725,0.161171,3,0
0,1.72293,4.58608,4.58608,0.161171,3,0
0,1.70601,1.20146,1.20146,3.38461,3,0
0,1.7181,3.61905,3.61905,2.41759,3,0
0,1.71487,2.97437,2.97437,0.644684,3,0
0,1.72938,5.87547,5.87547,2.9011,3,0
0,1.71165,2.32968,2.32968,3.54578,3,0
0,1.71487,2.97437,2.97437,0.644684,3,0
0,1.68989,0,0,2.97437,3,0
0,1.69231,0,0,0,3,0
0,1.70842,1.68498,1.68498,1.68498,3,0
0,1.70762,1.5238,1.5238,0.161171,3,0
0,1.73421,6.84249,6.84249,5.31869,3,0
0,1.7052,1.04029,1.04029,5.8022,3,0
0,1.77289,14.5787,14.5787,13.5385,3,0
0,1.73582,7.16484,7.16484,7.41391,3,0
0,1.73099,6.19781,6.19781,0.967026,3,0
0,1.76,12,12,5.8022,3,0
0,1.77531,15.0623,15.0623,3.06227,3,0
0,1.76564,13.1282,13.1282,1.93408,3,0
0,1.75839,11.6777,11.6777,1.45054,3,0
0,1.73582,7.16484,7.16484,4.51283,3,0
0,1.71648,3.29671,3.29671,3.86813,3,0
0,1.70762,1.5238,1.5238,1.7729,3,0
0,1.71084,2.16851,2.16851,0.644708,3,0
0,1.71245,2.49085,2.49085,0.322342,3,0
0,1.7181,3.61905,3.61905,1.1282,3,0
0,1.70601,1.20146,1.20146,2.41759,3,0
0,1.71648,3.29671,3.29671,2.09525,3,0
0,1.71971,3.94139,3.94139,0.644684,3,0
0,1.72374,4.74725,4.74725,0.805855,3,0
0,1.71487,2.97437,2.97437,1.77288,3,0
0,1.72777,5.55313,5.55313,2.57876,3,0
0,1.71568,3.13554,3.13554,2.41759,3,0
0,1.71487,2.97437,2.97437,0.161171,3,0
0,1.72777,5.55313,5.55313,2.57876,3,0
0,1.72777,5.55313,5.55313,0,3,0
0,1.72132,4.26373,4.26373,1.28939,3,0
0,1.71326,2.65203,2.65203,1.61171,3,0
0,1.71648,3.29671,3.29671,0.644684,3,0
0,1.71487,2.97437,2.97437,0.322342,3,0
0,1.72454,4.90842,4.90842,1.93405,3,0
0,1.72051,4.10256,4.10256,0.805855,3,0
0,1.70359,0.71795,0.71795,3.38461,3,0
0,1.70842,1.68498,1.68498,0.967026,3,0
0,1.69231,0,0,1.68498,3,0
0,1.7052,1.04029,1.04029,1.04029,3,0
0,1.69875,0,0,1.04029,3,0
0,1.70762,1.5238,1.5238,1.5238,3,0
0,1.71004,2.00734,2.00734,0.483537,3,0
0,1.7052,1.04029,1.04029,0.96705,3,0
0,1.70842,1.68498,1.68498,0.644684,3,0
0,1.72777,5.55313,5.55313,3.86815,3,0
0,1.70762,1.5238,1.5238,4.02932,3,0
0,1.69795,0,0,1.5238,3,0
0,1.70198,0.395608,0.395608,0.395608,3,0
0,1.71487,2.97437,2.97437,2.57876,3,0
0,1.70762,1.5238,1.5238,1.45056,3,0
0,1.71004,2.00734,2.00734,0.483537,3,0
0,1.7181,3.61905,3.61905,1.61171,3,0
0,1.72777,5.55313,5.55313,1.93408,3,0
0,1.70198,0.395608,0.395608,5.15752,3,0
0,1.71487,2.97437,2.97437,2.57876,3,0
0,1.7052,1.04029,1.04029,1.93408,3,0
0,1.70359,0.71795,0.71795,0.322342,3,0
0,1.71487,2.97437,2.97437,2.25642,3,0
0,1.71487,2.97437,2.97437,0,3,0
0,1.71487,2.97437,2.97437,0,3,0
0,1.70278,0.556779,0.556779,2.41759,3,0
0,1.69634,0,0,0.556779,3,0
0,1.71165,2.32968,2.32968,2.32968,3,0
0,1.70278,0.556779,0.556779,1.7729,3,0
0,1.70278,0.556779,0.556779,0,3,0
0,1.70681,1.36263,1.36263,0.805855,3,0
0,1.70278,0.556779,0.556779,0.805855,3,0
0,1.71004,2.00734,2.00734,1.45056,3,0
0,1.70842,1.68498,1.68498,0.322366,3,0
0,1.69875,0,0,1.68498,3,0
0,1.70842,1.68498,1.68498,1.68498,3,0
0,1.70198,0.395608,0.395608,1.28937,3,0
0,1.70198,0.395608,0.395608,0,3,0
0,1.72132,4.26373,4.26373,3.86813,3,0
0,1.70198,0.395608,0.395608,3.86813,3,0
0,1.70842,1.68498,1.68498,1.28937,3,0
0,1.7052,1.04029,1.04029,0.644684,3,0
0,1.70842,1.68498,1.68498,0.644684,3,0
0,1.71487,2.97437,2.97437,1.28939,3,0
0,1.70278,0.556779,0.556779,2.41759,3,0
0,1.70198,0.395608,0.395608,0.161171,3,0
0,1.70117,0.234437,0.234437,0.161171,3,0
0,1.71004,2.00734,2.00734,1.7729,3,0
0,1.70117,0.234437,0.234437,1.7729,3,0
0,1.68908,0,0,0.234437,3,0
0,1.69795,0,0,0,3,0
0,1.70198,0.395608,0.395608,0.395608,3,0
0,1.70359,0.71795,0.71795,0.322342,3,0
0,1.69553,0,0,0.71795,3,0
0,1.69231,0,0,0,3,0
0,1.69553,0,0,0,3,0
0,1.69553,0,0,0,3,0
0,1.69231,0,0,0,3,0
0,1.69473,0,0,0,3,0
0,1.70117,0.234437,0.234437,0.234437,3,0
0,1.6915,0,0,0.234437,3,0
0,1.68747,0,0,0,3,0
0,1.6915,0,0,0,3,0
0,1.69392,0,0,0,3,0
0,1.68908,0,0,0,3,0
0,1.68908,0,0,0,3,0
0,1.68667,0,0,0,3,0
0,1.68022,0,0,0,3,0
0,1.68908,0,0,0,3,0
0,1.6641,0,0,0,3,0
0,1.68908,0,0,0,3,0
0,1.68264,0,0,0,3,0
0,1.68908,0,0,0,3,0
0,1.77128,14.2564,14.2564,14.2564,3,0
0,1.77773,15.5458,15.5458,1.28939,3,0
0,1.75919,11.8388,11.8388,3.70696,3,0
0,1.72051,4.10256,4.10256,7.73628,3,0
0,1.71487,2.97437,2.97437,1.1282,3,0
0,1.70842,1.68498,1.68498,1.28939,3,0
0,1.7181,3.61905,3.61905,1.93408,3,0
0,1.71004,2.00734,2.00734,1.61171,3,0
0,1.7181,3.61905,3.61905,1.61171,3,0
0,1.71487,2.97437,2.97437,0.644684,3,0
0,1.7181,3.61905,3.61905,0.644684,3,0
0,1.71487,2.97437,2.97437,0.644684,3,0
0,1.70359,0.71795,0.71795,2.25642,3,0
0,1.71568,3.13554,3.13554,2.41759,3,0
0,1.71407,2.8132,2.8132,0.322342,3,0
0,1.70198,0.395608,0.395608,2.41759,3,0
0,1.71487,2.97437,2.97437,2.57876,3,0
0,1.72374,4.74725,4.74725,1.77288,3,0
0,1.71729,3.45788,3.45788,1.28937,3,0
0,1.71407,2.8132,2.8132,0.644684,3,0
0,1.72132,4.26373,4.26373,1.45054,3,0
0,1.72454,4.90842,4.90842,0.644684,3,0
0,1.72615,5.23078,5.23078,0.322366,3,0
0,1.72051,4.10256,4.10256,1.12822,3,0
0,1.72777,5.55313,5.55313,1.45056,3,0
0,1.72132,4.26373,4.26373,1.28939,3,0
0,1.7189,3.78022,3.78022,0.483513,3,0
0,1.71487,2.97437,2.97437,0.805855,3,0
0,1.7181,3.61905,3.61905,0.644684,3,0
0,1.72777,5.55313,5.55313,1.93408,3,0
0,1.72696,5.39196,5.39196,0.161171,3,0
0,1.7189,3.78022,3.78022,1.61173,3,0
0,1.71084,2.16851,2.16851,1.61171,3,0
0,1.71648,3.29671,3.29671,1.1282,3,0
0,1.72374,4.74725,4.74725,1.45054,3,0
0,1.73421,6.84249,6.84249,2.09525,3,0
0,1.71487,2.97437,2.97437,3.86813,3,0
0,1.71648,3.29671,3.29671,0.322342,3,0
0,1.72051,4.10256,4.10256,0.805855,3,0
0,1.7181,3.61905,3.61905,0.483513,3,0
0,1.72374,4.74725,4.74725,1.1282,3,0
0,1.72132,4.26373,4.26373,0.483513,3,0
0,1.71648,3.29671,3.29671,0.967026,3,0
0,1.70601,1.20146,1.20146,2.09525,3,0
0,1.72535,5.06959,5.06959,3.86813,3,0
0,1.71648,3.29671,3.29671,1.77288,3,0
0,1.71971,3.94139,3.94139,0.644684,3,0
0,1.71487,2.97437,2.97437,0.967026,3,0
0,1.71004,2.00734,2.00734,0.967026,3,0
0,1.7181,3.61905,3.61905,1.61171,3,0
0,1.71487,2.97437,2.97437,0.644684,3,0
0,1.7189,3.78022,3.78022,0.805855,3,0
0,1.7189,3.78022,3.78022,0,3,0
0,1.72293,4.58608,4.58608,0.805855,3,0
0,1.7181,3.61905,3.61905,0.967026,3,0
0,1.71487,2.97437,2.97437,0.644684,3,0
0,1.70842,1.68498,1.68498,1.28939,3,0
0,1.71245,2.49085,2.49085,0.805879,3,0
0,1.72938,5.87547,5.87547,3.38461,3,0
0,1.73421,6.84249,6.84249,0.967026,3,0
0,1.71004,2.00734,2.00734,4.83515,3,0
0,1.70842,1.68498,1.68498,0.322366,3,0
0,1.72293,4.58608,4.58608,2.9011,3,0
0,1.72374,4.74725,4.74725,0.161171,3,0
0,1.73502,7.00366,7.00366,2.25642,3,0
0,1.72051,4.10256,4.10256,2.9011,3,0
0,1.72132,4.26373,4.26373,0.161171,3,0
0,1.72293,4.58608,4.58608,0.322342,3,0
0,1.72293,4.58608,4.58608,0,3,0
0,1.72051,4.10256,4.10256,0.483513,3,0
0,1.71165,2.32968,2.32968,1.77288,3,0
0,1.72132,4.26373,4.26373,1.93405,3,0
0,1.72293,4.58608,4.58608,0.322342,3,0
0,1.71568,3.13554,3.13554,1.45054,3,0
0,1.73179,6.35898,6.35898,3.22344,3,0
0,1.72615,5.23078,5.23078,1.1282,3,0
0,1.71487,2.97437,2.97437,2.25642,3,0
0,1.71326,2.65203,2.65203,0.322342,3,0
0,1.72132,4.26373,4.26373,1.61171,3,0
0,1.75355,10.7106,10.7106,6.44689,3,0
0,1.79868,19.7363,19.7363,9.02565,3,0
0,1.80029,20.0586,20.0586,0.322342,3,0
0,1.80835,21.6703,21.6703,1.61173,3,0
0,2.02755,65.5092,65.5092,43.8388,3,0
0,2.02593,65.1868,65.1868,0.322342,3,0
0,2.03722,67.4432,67.4432,2.25639,3,0
0,1.99853,59.707,59.707,7.73628,3,0
0,2.04366,68.7326,68.7326,9.02565,3,0
0,1.83656,27.3113,27.3113,41.4212,3,0
0,1.95985,51.9707,51.9707,24.6593,3,0
0,2.04125,68.2491,68.2491,16.2784,3,0
0,2.0759,75.1795,75.1795,6.9304,3,0
0,2.10249,80.4982,80.4982,5.31869,3,0
0,2.11861,83.7216,83.7216,3.22342,3,0
0,2.08234,76.4688,76.4688,7.25274,3,0
0,2.08315,76.63,76.63,0.161171,3,0
0,2.13956,87.9121,87.9121,11.2821,3,0
0,2.19033,98.0659,98.0659,10.1539,3,0
0,2.1444,88.8791,88.8791,9.18684,3,0
0,2.15648,91.2967,91.2967,2.41762,3,0
0,2.17179,94.359,94.359,3.06225,3,0
0,1.72777,5.55313,0,88.8058,3,1
0,1.69634,0,0,5.55313,3,1
0,1.83817,27.6337,0,27.6337,3,1
0,2.04527,69.0549,0,41.4212,3,1
0,1.9937,58.7399,58.7399,10.315,3,1
0,1.99934,59.8681,59.8681,1.1282,3,0
0,2.05656,71.3114,71.3114,11.4433,3,0
0,2.03399,66.7985,66.7985,4.51283,3,0
0,2.08718,77.4359,77.4359,10.6373,3,0
0,2.11458,82.9157,82.9157,5.47986,3,0
0,2.1444,88.8791,88.8791,5.96337,3,0
0,2.16293,92.5861,92.5861,3.70699,3,0
0,2.12506,85.011,85.011,7.57509,3,0
0,2.13392,86.7839,86.7839,1.77289,3,0
0,2.11861,83.7216,83.7216,3.0623,3,0
0,2.11458,82.9157,82.9157,0.805855,3,0
0,2.11941,83.8828,83.8828,0.967026,3,0
0,2.1307,86.1392,86.1392,2.25645,3,0
0,2.12747,85.4945,85.4945,0.644684,3,0
0,2.117,83.3992,83.3992,2.09528,3,0
0,2.11458,82.9157,82.9157,0.483513,3,0
0,2.12103,84.2051,84.2051,1.28937,3,0
0,2.12747,85.4945,85.4945,1.28942,3,0
0,2.11458,82.9157,82.9157,2.57879,3,0
0,2.13392,86.7839,86.7839,3.86816,3,0
0,2.15487,90.9744,90.9744,4.19049,3,0
0,2.14278,88.5568,88.5568,2.41762,3,0
0,2.14037,88.0733,88.0733,0.483505,3,0
0,2.12747,85.4945,85.4945,2.57874,3,0
0,2.14278,88.5568,88.5568,3.06224,3,0
0,2.13311,86.6227,86.6227,1.93405,3,0
0,2.12908,85.8169,85.8169,0.805847,3,0
0,2.13311,86.6227,86.6227,0.805847,3,0
0,2.15245,90.4908,90.4908,3.8681,3,0
0,2.14842,89.685,89.685,0.805847,3,0
0,2.12908,85.8169,85.8169,3.8681,3,0
0,2.14601,89.2014,89.2014,3.38458,3,0
0,2.11458,82.9157,82.9157,6.28571,3,0
0,2.1307,86.1392,86.1392,3.22347,3,0
0,2.12747,85.4945,85.4945,0.644684,3,0
0,2.11458,82.9157,82.9157,2.57879,3,0
0,2.1178,83.5604,83.5604,0.644684,3,0
0,2.11861,83.7216,83.7216,0.161171,3,0
0,2.12667,85.3333,85.3333,1.61176,3,0
0,2.15004,90.0073,90.0073,4.67397,3,0
0,2.13956,87.9121,87.9121,2.09523,3,0
0,2.14037,88.0733,88.0733,0.161179,3,0
0,2.10571,81.1429,81.1429,6.9304,3,0
0,2.1315,86.3004,86.3004,5.15752,3,0
0,2.13956,87.9121,87.9121,1.61171,3,0
0,2.1307,86.1392,86.1392,1.77287,3,0
0,2.14198,88.3956,88.3956,2.25639,3,0
0,2.15326,90.652,90.652,2.25639,3,0
0,2.17582,95.1648,95.1648,4.51283,3,0
0,2.12264,84.5275,84.5275,10.6373,3,0
0,2.11458,82.9157,82.9157,1.61176,3,0
0,2.12344,84.6887,84.6887,1.77293,3,0
0,2.1178,83.5604,83.5604,1.12824,3,0
0,2.16615,93.2308,93.2308,9.67036,3,0
0,2.15084,90.1685,90.1685,3.0623,3,0
0,2.15648,91.2967,91.2967,1.12825,3,0
0,2.13392,86.7839,86.7839,4.51283,3,0
0,2.15648,91.2967,91.2967,4.51283,3,0
0,2.14278,88.5568,88.5568,2.73996,3,0
0,1.91714,43.4286,43.4286,45.1282,3,0
0,2.05575,71.1502,71.1502,27.7216,3,0
0,2.12425,84.8498,84.8498,13.6997,3,0
0,1.79304,18.6081,18.6081,66.2418,3,0
0,1.7189,3.78022,3.78022,14.8278,3,0
0,1.79385,18.7692,18.7692,14.989,3,0
0,1.9663,53.2601,53.2601,34.4908,3,0
0,1.97919,55.8388,55.8388,2.57876,3,0
0,1.84381,28.7619,28.7619,27.0769,3,0
0,1.71407,2.8132,2.8132,25.9487,3,0
0,1.71407,2.8132,2.8132,0,3,0
0,1.7326,6.52015,6.52015,3.70696,3,0
0,1.80513,21.0256,21.0256,14.5055,3,0
0,1.78579,17.1575,17.1575,3.86813,3,0
0,1.89538,39.0769,39.0769,21.9194,3,0
0,1.97275,54.5495,54.5495,15.4725,3,0
0,1.88652,37.304,37.304,17.2454,3,0
0,1.77451,14.9011,14.9011,22.4029,3,0
0,1.75355,10.7106,10.7106,4.19049,3,0
0,1.75678,11.3553,11.3553,0.644684,3,0
0,1.74791,9.58242,9.58242,1.77288,3,0
0,1.75033,10.0659,10.0659,0.483513,3,0
0,1.75114,10.2271,10.2271,0.161171,3,0
0,1.75355,10.7106,10.7106,0.483513,3,0
0,1.75275,10.5494,10.5494,0.161171,3,0
0,1.73099,6.19781,6.19781,4.35164,3,0
0,1.73341,6.68132,6.68132,0.483513,3,0
0,1.73582,7.16484,7.16484,0.483513,3,0
0,1.75355,10.7106,10.7106,3.54578,3,0
0,1.76645,13.2894,13.2894,2.57876,3,0
0,1.75355,10.7106,10.7106,2.57876,3,0
0,1.75678,11.3553,11.3553,0.644684,3,0
0,1.72051,4.10256,4.10256,7.25274,3,0
0,1.71971,3.94139,3.94139,0.161171,3,0
0,1.70762,1.5238,1.5238,2.41759,3,0
0,1.72454,4.90842,4.90842,3.38461,3,0
0,1.71407,2.8132,2.8132,2.09522,3,0
0,1.71407,2.8132,2.8132,0,3,0
0,1.71648,3.29671,3.29671,0.483513,3,0
0,1.72132,4.26373,4.26373,0.967026,3,0
0,1.70842,1.68498,1.68498,2.57876,3,0
0,1.72132,4.26373,4.26373,2.57876,3,0
0,1.72454,4.90842,4.90842,0.644684,3,0
0,1.72051,4.10256,4.10256,0.805855,3,0
0,1.71326,2.65203,2.65203,1.45054,3,0
0,1.7181,3.61905,3.61905,0.967026,3,0
0,1.7189,3.78022,3.78022,0.161171,3,0
0,1.72777,5.55313,5.55313,1.7729,3,0
0,1.71648,3.29671,3.29671,2.25642,3,0
0,1.72132,4.26373,4.26373,0.967026,3,0
0,1.71487,2.97437,2.97437,1.28937,3,0
0,1.72132,4.26373,4.26373,1.28937,3,0
0,1.71407,2.8132,2.8132,1.45054,3,0
0,1.70601,1.20146,1.20146,1.61173,3,0
0,1.71407,2.8132,2.8132,1.61173,3,0
0,1.72615,5.23078,5.23078,2.41759,3,0
0,1.72777,5.55313,5.55313,0.322342,3,0
0,1.72293,4.58608,4.58608,0.96705,3,0
0,1.71084,2.16851,2.16851,2.41756,3,0
0,1.71004,2.00734,2.00734,0.161171,3,0
0,1.72132,4.26373,4.26373,2.25639,3,0
0,1.70278,0.556779,0.556779,3.70696,3,0
0,1.72132,4.26373,4.26373,3.70696,3,0
0,1.70842,1.68498,1.68498,2.57876,3,0
0,1.72132,4.26373,4.26373,2.57876,3,0
0,1.7052,1.04029,1.04029,3.22344,3,0
0,1.70842,1.68498,1.68498,0.644684,3,0
0,1.72535,5.06959,5.06959,3.38461,3,0
0,1.70842,1.68498,1.68498,3.38461,3,0
0,1.7181,3.61905,3.61905,1.93408,3,0
0,1.70842,1.68498,1.68498,1.93408,3,0
0,1.71165,2.32968,2.32968,0.644708,3,0
0,1.71407,2.8132,2.8132,0.483513,3,0
0,1.71084,2.16851,2.16851,0.644684,3,0
0,1.72132,4.26373,4.26373,2.09522,3,0
0,1.72293,4.58608,4.58608,0.322342,3,0
0,1.71165,2.32968,2.32968,2.25639,3,0
0,1.72374,4.74725,4.74725,2.41756,3,0
0,1.71568,3.13554,3.13554,1.61171,3,0
0,1.72132,4.26373,4.26373,1.1282,3,0
0,1.72293,4.58608,4.58608,0.322342,3,0
0,1.71004,2.00734,2.00734,2.57874,3,0
0,1.72857,5.7143,5.7143,3.70696,3,0
0,1.70601,1.20146,1.20146,4.51283,3,0
0,1.72132,4.26373,4.26373,3.06227,3,0
0,1.70359,0.71795,0.71795,3.54578,3,0
0,1.71407,2.8132,2.8132,2.09525,3,0
0,1.72132,4.26373,4.26373,1.45054,3,0
0,1.71487,2.97437,2.97437,1.28937,3,0
0,1.70601,1.20146,1.20146,1.7729,3,0
0,1.72051,4.10256,4.10256,2.9011,3,0
0,1.71648,3.29671,3.29671,0.805855,3,0
0,1.70198,0.395608,0.395608,2.9011,3,0
0,1.71487,2.97437,2.97437,2.57876,3,0
0,1.71165,2.32968,2.32968,0.644684,3,0
0,1.70278,0.556779,0.556779,1.7729,3,0
0,1.71487,2.97437,2.97437,2.41759,3,0
0,1.72132,4.26373,4.26373,1.28937,3,0
0,1.72051,4.10256,4.10256,0.161171,3,0
0,1.7189,3.78022,3.78022,0.322342,3,0
0,1.71245,2.49085,2.49085,1.28937,3,0
0,1.71165,2.32968,2.32968,0.161171,3,0
0,1.70842,1.68498,1.68498,0.644708,3,0
0,1.72777,5.55313,5.55313,3.86815,3,0
0,1.70198,0.395608,0.395608,5.15752,3,0
0,1.69231,0,0,0.395608,3,0
0,1.70198,0.395608,0.395608,0.395608,3,0
0,1.69553,0,0,0.395608,3,0
0,1.69311,0,0,0,3,0
0,1.70037,0.073266,0.073266,0.073266,3,0
0,1.68908,0,0,0.073266,3,0
0,1.70198,0.395608,0.395608,0.395608,3,0
0,1.69553,0,0,0.395608,3,0
0,1.70359,0.71795,0.71795,0.71795,3,0
0,1.69553,0,0,0.71795,3,0
0,1.70198,0.395608,0.395608,0.395608,3,0
0,1.6907,0,0,0.395608,3,0
0,1.69231,0,0,0,3,0
0,1.6907,0,0,0,3,0
0,1.70278,0.556779,0.556779,0.556779,3,0
0,1.69714,0,0,0.556779,3,0
0,1.69311,0,0,0,3,0
0,1.70601,1.20146,1.20146,1.20146,3,0
0,1.71004,2.00734,2.00734,0.805879,3,0
0,1.70762,1.5238,1.5238,0.483537,3,0
0,1.69311,0,0,1.5238,3,0
0,1.71648,3.29671,3.29671,3.29671,3,0
0,1.70359,0.71795,0.71795,2.57876,3,0
0,1.71487,2.97437,2.97437,2.25642,3,0
0,1.69231,0,0,2.97437,3,0
0,1.70359,0.71795,0.71795,0.71795,3,0
0,1.69231,0,0,0.71795,3,0
0,1.70601,1.20146,1.20146,1.20146,3,0
0,1.69714,0,0,1.20146,3,0
0,1.69231,0,0,0,3,0
0,1.7052,1.04029,1.04029,1.04029,3,0
0,1.7044,0.879121,0.879121,0.161171,3,0
0,1.7044,0.879121,0.879121,0,3,0
0,1.69553,0,0,0.879121,3,0
0,1.69473,0,0,0,3,0
0,1.69714,0,0,0,3,0
0,1.7052,1.04029,1.04029,1.04029,3,0
0,1.68989,0,0,1.04029,3,0
0,1.69311,0,0,0,3,0
0,1.70117,0.234437,0.234437,0.234437,3,0
0,1.70842,1.68498,1.68498,1.45054,3,0
0,1.69311,0,0,1.68498,3,0
0,1.70601,1.20146,1.20146,1.20146,3,0
0,1.69553,0,0,1.20146,3,0
0,1.71245,2.49085,2.49085,2.49085,3,0
0,1.71004,2.00734,2.00734,0.483513,3,0
0,1.70359,0.71795,0.71795,1.28939,3,0
0,1.70762,1.5238,1.5238,0.805855,3,0
0,1.70923,1.84615,1.84615,0.322342,3,0
0,1.71004,2.00734,2.00734,0.161195,3,0
0,1.7052,1.04029,1.04029,0.96705,3,0
0,1.7044,0.879121,0.879121,0.161171,3,0
0,1.69875,0,0,0.879121,3,0
0,1.72051,4.10256,4.10256,4.10256,3,0
0,1.70117,0.234437,0.234437,3.86813,3,0
0,1.69392,0,0,0.234437,3,0
0,1.68908,0,0,0,3,0
0,1.71004,2.00734,2.00734,2.00734,3,0
0,1.69553,0,0,2.00734,3,0
0,1.70198,0.395608,0.395608,0.395608,3,0
0,1.69875,0,0,0.395608,3,0
0,1.69875,0,0,0,3,0
0,1.6915,0,0,0,3,0
0,1.70198,0.395608,0.395608,0.395608,3,0
0,1.68989,0,0,0.395608,3,0
0,1.70198,0.395608,0.395608,0.395608,3,0
0,1.70117,0.234437,0.234437,0.161171,3,0
0,1.68989,0,0,0.234437,3,0
0,1.68022,0,0,0,3,0
0,1.70198,0.395608,0.395608,0.395608,3,0
0,1.68747,0,0,0.395608,3,0
0,1.70359,0.71795,0.71795,0.71795,3,0
0,1.69553,0,0,0.71795,3,0
0,1.68586,0,0,0,3,0
0,1.69473,0,0,0,3,0
0,1.69956,0,0,0,3,0
0,1.70359,0.71795,0.71795,0.71795,3,0
0,1.68989,0,0,0.71795,3,0
0,1.69875,0,0,0,3,0
0,1.69392,0,0,0,3,0
0,1.70117,0.234437,0.234437,0.234437,3,0
0,1.69311,0,0,0.234437,3,0
0,1.70198,0.395608,0.395608,0.395608,3,0
0,1.69231,0,0,0.395608,3,0
0,1.70278,0.556779,0.556779,0.556779,3,0
0,1.69231,0,0,0.556779,3,0
0,1.70117,0.234437,0.234437,0.234437,3,0
0,1.68425,0,0,0.234437,3,0
0,1.69473,0,0,0,3,0
0,1.69795,0,0,0,3,0
0,1.69795,0,0,0,3,0
0,1.69311,0,0,0,3,0
0,1.69714,0,0,0,3,0
0,1.70198,0.395608,0.395608,0.395608,3,0
0,1.6907,0,0,0.395608,3,0
0,1.70842,1.68498,1.68498,1.68498,3,0
0,1.69795,0,0,1.68498,3,0
0,1.69553,0,0,0,3,0
0,1.69795,0,0,0,3,0
0,1.70117,0.234437,0.234437,0.234437,3,0
0,1.69714,0,0,0.234437,3,0
0,1.69553,0,0,0,3,0
0,1.69714,0,0,0,3,0
0,1.69553,0,0,0,3,0
0,1.68908,0,0,0,3,0
0,1.71004,2.00734,2.00734,2.00734,3,0
0,1.68908,0,0,2.00734,3,0
0,1.68264,0,0,0,3,0
0,1.7052,1.04029,1.04029,1.04029,3,0
0,1.69875,0,0,1.04029,3,0
0,1.7044,0.879121,0.879121,0.879121,3,0
0,1.69553,0,0,0.879121,3,0
0,1.69231,0,0,0,3,0
0,1.69392,0,0,0,3,0
0,1.69553,0,0,0,3,0
0,1.68908,0,0,0,3,0
0,1.70198,0.395608,0.395608,0.395608,3,0
0,1.69553,0,0,0.395608,3,0
0,1.6907,0,0,0,3,0
0,1.6907,0,0,0,3,0
0,1.69795,0,0,0,3,0
0,1.68908,0,0,0,3,0
0,1.70198,0.395608,0.395608,0.395608,3,0
0,1.69231,0,0,0.395608,3,0
0,1.70198,0.395608,0.395608,0.395608,3,0
0,1.70117,0.234437,0.234437,0.161171,3,0
0,1.6907,0,0,0.234437,3,0
0,1.69553,0,0,0,3,0
0,1.69231,0,0,0,3,0
0,1.69473,0,0,0,3,0
0,1.71004,2.00734,2.00734,2.00734,3,0
0,1.68989,0,0,2.00734,3,0
0,1.69231,0,0,0,3,0
0,1.68989,0,0,0,3,0
0,1.70117,0.234437,0.234437,0.234437,3,0
0,1.70198,0.395608,0.395608,0.161171,3,0
0,1.70359,0.71795,0.71795,0.322342,3,0
0,1.69714,0,0,0.71795,3,0
0,1.70198,0.395608,0.395608,0.395608,3,0
0,1.70198,0.395608,0.395608,0,3,0
0,1.68908,0,0,0.395608,3,0
0,1.70681,1.36263,1.36263,1.36263,3,0
0,1.68908,0,0,1.36263,3,0
0,1.69795,0,0,0,3,0
0,1.69473,0,0,0,3,0
0,1.70359,0.71795,0.71795,0.71795,3,0
0,1.70198,0.395608,0.395608,0.322342,3,0
0,1.7052,1.04029,1.04029,0.644684,3,0
0,1.70359,0.71795,0.71795,0.322342,3,0
0,1.69553,0,0,0.71795,3,0
0,1.70842,1.68498,1.68498,1.68498,3,0
0,1.6907,0,0,1.68498,3,0
0,1.70117,0.234437,0.234437,0.234437,3,0
0,1.69553,0,0,0.234437,3,0
0,1.69311,0,0,0,3,0
0,1.70359,0.71795,0.71795,0.71795,3,0
0,1.70198,0.395608,0.395608,0.322342,3,0
0,1.70359,0.71795,0.71795,0.322342,3,0
0,1.69473,0,0,0.71795,3,0
0,1.6907,0,0,0,3,0
0,1.70117,0.234437,0.234437,0.234437,3,0
0,1.69795,0,0,0.234437,3,0
0,1.68828,0,0,0,3,0
0,1.70198,0.395608,0.395608,0.395608,3,0
0,1.68908,0,0,0.395608,3,0
0,1.70198,0.395608,0.395608,0.395608,3,0
0,1.69553,0,0,0.395608,3,0
0,1.68908,0,0,0,3,0
0,1.70037,0.073266,0.073266,0.073266,3,0
0,1.68908,0,0,0.073266,3,0
0,1.69473,0,0,0,3,0
0,1.69875,0,0,0,3,0
0,1.68989,0,0,0,3,0
0,1.69473,0,0,0,3,0
0,1.70198,0.395608,0.395608,0.395608,3,0
0,1.69231,0,0,0.395608,3,0
0,1.69553,0,0,0,3,0
0,1.69553,0,0,0,3,0
0,1.69473,0,0,0,3,0
0,1.69714,0,0,0,3,0
0,1.69231,0,0,0,3,0
0,1.69473,0,0,0,3,0
0,1.69473,0,0,0,3,0
0,1.70198,0.395608,0.395608,0.395608,3,0
0,1.7052,1.04029,1.04029,0.644684,3,0
0,1.69875,0,0,1.04029,3,0
0,1.69795,0,0,0,3,0
0,1.70198,0.395608,0.395608,0.395608,3,0
0,1.70842,1.68498,1.68498,1.28937,3,0
0,1.68908,0,0,1.68498,3,0
0,1.69875,0,0,0,3,0
0,1.6915,0,0,0,3,0
0,1.70117,0.234437,0.234437,0.234437,3,0
0,1.6915,0,0,0.234437,3,0
0,1.70278,0.556779,0.556779,0.556779,3,0
0,1.69311,0,0,0.556779,3,0
0,1.70117,0.234437,0.234437,0.234437,3,0
0,1.72132,4.26373,4.26373,4.0293,3,0
0,1.70117,0.234437,0.234437,4.0293,3,0
0,1.70359,0.71795,0.71795,0.483513,3,0
0,1.68908,0,0,0.71795,3,0
0,1.69956,0,0,0,3,0
0,1.69473,0,0,0,3,0
0,1.68908,0,0,0,3,0
0,1.69553,0,0,0,3,0
0,1.68908,0,0,0,3,0
0,1.70117,0.234437,0.234437,0.234437,3,0
0,1.68989,0,0,0.234437,3,0
0,1.70198,0.395608,0.395608,0.395608,3,0
0,1.69473,0,0,0.395608,3,0
0,1.70842,1.68498,1.68498,1.68498,3,0
0,1.7052,1.04029,1.04029,0.644684,3,0
0,1.70198,0.395608,0.395608,0.644684,3,0
0,1.70198,0.395608,0.395608,0,3,0
0,1.70198,0.395608,0.395608,0,3,0
0,1.72132,4.26373,4.26373,3.86813,3,0
0,1.76645,13.2894,13.2894,9.02565,3,0
0,2.23707,107.414,0,94.1245,3,1
0,2.23465,106.93,0,0.483513,3,1
0,1.70842,1.68498,0,105.245,3,1
0,1.69553,0,0,1.68498,3,1
0,1.69311,0,0,0,3,1
0,1.6907,0,0,0,3,1
0,1.69553,0,0,0,3,0
0,1.70117,0.234437,0.234437,0.234437,3,0
0,1.70359,0.71795,0.71795,0.483513,3,0
0,1.7052,1.04029,1.04029,0.322342,3,0
0,1.70842,1.68498,1.68498,0.644684,3,0
0,1.69553,0,0,1.68498,3,0
0,1.69473,0,0,0,3,0
0,1.69714,0,0,0,3,0
0,1.69795,0,0,0,3,0
0,1.68908,0,0,0,3,0
0,1.69634,0,0,0,3,0
0,1.68989,0,0,0,3,0
0,1.70117,0.234437,0.234437,0.234437,3,0
0,1.70359,0.71795,0.71795,0.483513,3,0
0,1.69553,0,0,0.71795,3,0
0,1.68908,0,0,0,3,0
0,1.68264,0,0,0,3,0
0,1.69553,0,0,0,3,0
0,1.69473,0,0,0,3,0
0,1.69392,0,0,0,3,0
0,1.68908,0,0,0,3,0
0,1.70198,0.395608,0.395608,0.395608,3,0
0,1.70117,0.234437,0.234437,0.161171,3,0
0,1.68586,0,0,0.234437,3,0
0,1.7052,1.04029,1.04029,1.04029,3,0
0,1.69311,0,0,1.04029,3,0
0,1.69714,0,0,0,3,0
0,1.6915,0,0,0,3,0
0,1.69553,0,0,0,3,0
0,1.70117,0.234437,0.234437,0.234437,3,0
0,1.69875,0,0,0.234437,3,0
0,1.69231,0,0,0,3,0
0,1.69553,0,0,0,3,0
0,1.68586,0,0,0,3,0
0,1.69553,0,0,0,3,0
0,1.69473,0,0,0,3,0
0,1.70037,0.073266,0.073266,0.073266,3,0
0,1.69553,0,0,0.073266,3,0
0,1.69714,0,0,0,3,0
0,1.69875,0,0,0,3,0
0,1.70117,0.234437,0.234437,0.234437,3,0
0,1.69473,0,0,0.234437,3,0
0,1.6907,0,0,0,3,0
0,1.68908,0,0,0,3,0
0,1.71004,2.00734,2.00734,2.00734,3,0
0,1.68586,0,0,2.00734,3,0
0,1.69473,0,0,0,3,0
0,1.68908,0,0,0,3,0
0,1.69956,0,0,0,3,0
0,1.69553,0,0,0,3,0
0,1.69311,0,0,0,3,0
0,1.6915,0,0,0,3,0
0,1.70117,0.234437,0.234437,0.234437,3,0
0,1.69795,0,0,0.234437,3,0
0,1.70681,1.36263,1.36263,1.36263,3,0
0,1.6907,0,0,1.36263,3,0
0,1.69795,0,0,0,3,0
0,1.69553,0,0,0,3,0
0,1.68989,0,0,0,3,0
0,1.70117,0.234437,0.234437,0.234437,3,0
0,1.69473,0,0,0.234437,3,0
0,1.70198,0.395608,0.395608,0.395608,3,0
0,1.69553,0,0,0.395608,3,0
0,1.69714,0,0,0,3,0
0,1.70198,0.395608,0.395608,0.395608,3,0
0,1.69634,0,0,0.395608,3,0
0,1.69553,0,0,0,3,0
0,1.68022,0,0,0,3,0
0,1.70198,0.395608,0.395608,0.395608,3,0
0,1.70037,0.073266,0.073266,0.322342,3,0
0,1.70198,0.395608,0.395608,0.322342,3,0
0,1.70842,1.68498,1.68498,1.28937,3,0
0,1.69956,0,0,1.68498,3,0
0,1.70842,1.68498,1.68498,1.68498,3,0
0,1.69553,0,0,1.68498,3,0
0,1.70198,0.395608,0.395608,0.395608,3,0
0,1.69553,0,0,0.395608,3,0
0,1.69553,0,0,0,3,0
0,1.70117,0.234437,0.234437,0.234437,3,0
0,1.69875,0,0,0.234437,3,0
0,1.70037,0.073266,0.073266,0.073266,3,0
0,1.68989,0,0,0.073266,3,0
0,1.70117,0.234437,0.234437,0.234437,3,0
0,1.69231,0,0,0.234437,3,0
0,1.70278,0.556779,0.556779,0.556779,3,0
0,1.69553,0,0,0.556779,3,0
0,1.70037,0.073266,0.073266,0.073266,3,0
0,1.68908,0,0,0.073266,3,0
0,1.69311,0,0,0,3,0
0,1.69473,0,0,0,3,0
0,1.68989,0,0,0,3,0
0,1.83656,27.3113,27.3113,27.3113,3,0
0,2.13311,86.6227,86.6227,59.3114,3,0
0,1.69553,0,0,86.6227,3,1
0,1.68989,0,0,0,3,1
0,1.69553,0,0,0,3,1
0,1.68828,0,0,0,3,1
0,1.69311,0,0,0,3,1
0,1.69473,0,0,0,3,0
0,1.69795,0,0,0,3,0
0,1.68989,0,0,0,3,0
0,1.69231,0,0,0,3,0
0,1.69231,0,0,0,3,0
0,1.68586,0,0,0,3,0
0,1.68908,0,0,0,3,0
0,1.69795,0,0,0,3,0
0,1.71971,3.94139,3.94139,3.94139,3,0
0,1.69956,0,0,3.94139,3,0
0,1.70037,0.073266,0.073266,0.073266,3,0
0,1.69392,0,0,0.073266,3,0
0,1.69311,0,0,0,3,0
0,1.68586,0,0,0,3,0
0,1.70117,0.234437,0.234437,0.234437,3,0
0,1.69553,0,0,0.234437,3,0
0,1.70842,1.68498,1.68498,1.68498,3,0
0,1.68908,0,0,1.68498,3,0
0,1.69714,0,0,0,3,0
0,1.69231,0,0,0,3,0
0,1.70117,0.234437,0.234437,0.234437,3,0
0,1.69634,0,0,0.234437,3,0
0,1.68989,0,0,0,3,0
0,1.68586,0,0,0,3,0
0,1.68747,0,0,0,3,0
0,1.68908,0,0,0,3,0
0,1.69875,0,0,0,3,0
0,1.69473,0,0,0,3,0
0,1.70198,0.395608,0.395608,0.395608,3,0
0,1.69473,0,0,0.395608,3,0
0,1.69714,0,0,0,3,0
0,1.69231,0,0,0,3,0
0,1.6915,0,0,0,3,0
0,1.69473,0,0,0,3,0
0,1.71487,2.97437,2.97437,2.97437,3,0
0,1.70198,0.395608,0.395608,2.57876,3,0
0,1.70842,1.68498,1.68498,1.28937,3,0
0,1.68908,0,0,1.68498,3,0
0,1.70359,0.71795,0.71795,0.71795,3,0
0,1.70198,0.395608,0.395608,0.322342,3,0
0,1.69392,0,0,0.395608,3,0
0,1.69311,0,0,0,3,0
0,1.66249,0,0,0,3,0
0,1.73582,7.16484,7.16484,7.16484,3,0
0,1.69795,0,0,7.16484,3,0
0,1.71971,3.94139,3.94139,3.94139,3,0
0,1.77289,14.5787,14.5787,10.6374,3,0
0,1.8567,31.3407,31.3407,16.7619,3,0
0,1.83092,26.1832,26.1832,5.15752,3,0
0,1.80432,20.8645,20.8645,5.31869,3,0
0,1.78901,17.8022,17.8022,3.06227,3,0
0,1.80432,20.8645,20.8645,3.06227,3,0
0,1.76645,13.2894,13.2894,7.57508,3,0
0,1.76564,13.1282,13.1282,0.161171,3,0
0,1.7463,9.26008,9.26008,3.86813,3,0
0,1.72857,5.7143,5.7143,3.54578,3,0
0,1.72777,5.55313,5.55313,0.161171,3,0
0,1.75597,11.1941,11.1941,5.64101,3,0
0,1.81158,22.315,22.315,11.1209,3,0
0,1.80432,20.8645,20.8645,1.45056,3,0
0,1.76403,12.8059,12.8059,8.0586,3,0
0,1.73502,7.00366,7.00366,5.8022,3,0
0,1.92762,45.5238,45.5238,38.5201,3,0
0,1.83978,27.9561,27.9561,17.5678,3,0
0,1.72777,5.55313,5.55313,22.4029,3,0
0,1.82447,24.8938,24.8938,19.3407,3,0
0,1.90183,40.3663,40.3663,15.4725,3,0
0,1.83414,26.8278,26.8278,13.5385,3,0
0,1.8696,33.9194,33.9194,7.09157,3,0
0,1.84059,28.1172,28.1172,5.80218,3,0
0,1.92762,45.5238,45.5238,17.4066,3,0
0,1.88249,36.4982,36.4982,9.02565,3,0
0,1.89538,39.0769,39.0769,2.57876,3,0
0,1.86234,32.4689,32.4689,6.60806,3,0
0,1.82125,24.2491,24.2491,8.21979,3,0
0,1.83736,27.4725,27.4725,3.22344,3,0
0,1.8567,31.3407,31.3407,3.86815,3,0
0,1.87766,35.5311,35.5311,4.19047,3,0
0,1.89538,39.0769,39.0769,3.54578,3,0
0,1.90506,41.011,41.011,1.93408,3,0
0,1.90828,41.6557,41.6557,0.644684,3,0
0,1.92117,44.2344,44.2344,2.57876,3,0
0,1.9663,53.2601,53.2601,9.02562,3,0
0,1.90908,41.8169,41.8169,11.4432,3,0
0,1.95985,51.9707,51.9707,10.1538,3,0
0,1.95985,51.9707,51.9707,0,3,0
0,1.99773,59.5458,59.5458,7.57508,3,0
0,2.01707,63.4139,63.4139,3.86813,3,0
0,1.9937,58.7399,58.7399,4.67398,3,0
0,1.90425,40.8498,40.8498,17.8901,3,0
0,1.74066,8.13186,8.13186,32.718,3,0
0,1.73421,6.84249,6.84249,1.28937,3,0
0,1.73582,7.16484,7.16484,0.322342,3,0
0,1.74066,8.13186,8.13186,0.967026,3,0
0,1.73341,6.68132,6.68132,1.45054,3,0
0,1.73824,7.64835,7.64835,0.967026,3,0
0,1.72777,5.55313,5.55313,2.09522,3,0
0,1.73099,6.19781,6.19781,0.644684,3,0
0,1.72857,5.7143,5.7143,0.483513,3,0
0,1.72454,4.90842,4.90842,0.805879,3,0
0,1.73099,6.19781,6.19781,1.28939,3,0
0,1.71487,2.97437,2.97437,3.22344,3,0
0,1.72777,5.55313,5.55313,2.57876,3,0
0,1.73018,6.03664,6.03664,0.483513,3,0
0,1.72454,4.90842,4.90842,1.12822,3,0
0,1.72132,4.26373,4.26373,0.644684,3,0
0,1.70842,1.68498,1.68498,2.57876,3,0
0,1.71165,2.32968,2.32968,0.644708,3,0
0,1.71407,2.8132,2.8132,0.483513,3,0
0,1.71971,3.94139,3.94139,1.1282,3,0
0,1.72132,4.26373,4.26373,0.322342,3,0
0,1.72132,4.26373,4.26373,0,3,0
0,1.71729,3.45788,3.45788,0.805855,3,0
0,1.70198,0.395608,0.395608,3.06227,3,0
0,1.71729,3.45788,3.45788,3.06227,3,0
0,1.7181,3.61905,3.61905,0.161171,3,0
0,1.71326,2.65203,2.65203,0.967026,3,0
0,1.71648,3.29671,3.29671,0.644684,3,0
0,1.72615,5.23078,5.23078,1.93408,3,0
0,1.71084,2.16851,2.16851,3.06227,3,0
0,1.71648,3.29671,3.29671,1.1282,3,0
0,1.71487,2.97437,2.97437,0.322342,3,0
0,1.70278,0.556779,0.556779,2.41759,3,0
0,1.72777,5.55313,5.55313,4.99635,3,0
0,1.71165,2.32968,2.32968,3.22344,3,0
0,1.72696,5.39196,5.39196,3.06227,3,0
0,1.70842,1.68498,1.68498,3.70698,3,0
0,1.72454,4.90842,4.90842,3.22344,3,0
0,1.70842,1.68498,1.68498,3.22344,3,0
0,1.71487,2.97437,2.97437,1.28939,3,0
0,1.71165,2.32968,2.32968,0.644684,3,0
0,1.71648,3.29671,3.29671,0.967026,3,0
0,1.71487,2.97437,2.97437,0.322342,3,0
0,1.7181,3.61905,3.61905,0.644684,3,0
0,1.71487,2.97437,2.97437,0.644684,3,0
0,1.72374,4.74725,4.74725,1.77288,3,0
0,1.70842,1.68498,1.68498,3.06227,3,0
0,1.71487,2.97437,2.97437,1.28939,3,0
0,1.72212,4.42491,4.42491,1.45054,3,0
0,1.71407,2.8132,2.8132,1.61171,3,0
0,1.71487,2.97437,2.97437,0.161171,3,0
0,1.7181,3.61905,3.61905,0.644684,3,0
0,1.71487,2.97437,2.97437,0.644684,3,0
0,1.72132,4.26373,4.26373,1.28937,3,0
0,1.70762,1.5238,1.5238,2.73993,3,0
0,1.72454,4.90842,4.90842,3.38461,3,0
0,1.71487,2.97437,2.97437,1.93405,3,0
0,1.72132,4.26373,4.26373,1.28937,3,0
0,1.70601,1.20146,1.20146,3.06227,3,0
0,1.71648,3.29671,3.29671,2.09525,3,0
0,1.72374,4.74725,4.74725,1.45054,3,0
0,1.72051,4.10256,4.10256,0.644684,3,0
0,1.72293,4.58608,4.58608,0.483513,3,0
0,1.72132,4.26373,4.26373,0.322342,3,0
0,1.72051,4.10256,4.10256,0.161171,3,0
0,1.72454,4.90842,4.90842,0.805855,3,0
0,1.72696,5.39196,5.39196,0.483537,3,0
0,1.71004,2.00734,2.00734,3.38461,3,0
0,1.71487,2.97437,2.97437,0.967026,3,0
0,1.71084,2.16851,2.16851,0.805855,3,0
0,1.72051,4.10256,4.10256,1.93405,3,0
0,1.72051,4.10256,4.10256,0,3,0
0,1.72615,5.23078,5.23078,1.12822,3,0
0,1.72132,4.26373,4.26373,0.96705,3,0
0,1.72132,4.26373,4.26373,0,3,0
0,1.7181,3.61905,3.61905,0.644684,3,0
0,1.72777,5.55313,5.55313,1.93408,3,0
0,1.72454,4.90842,4.90842,0.644708,3,0
0,1.71568,3.13554,3.13554,1.77288,3,0
0,1.7189,3.78022,3.78022,0.644684,3,0
0,1.70842,1.68498,1.68498,2.09525,3,0
0,1.71245,2.49085,2.49085,0.805879,3,0
0,1.7189,3.78022,3.78022,1.28937,3,0
0,1.71487,2.97437,2.97437,0.805855,3,0
0,1.72615,5.23078,5.23078,2.25642,3,0
0,1.72132,4.26373,4.26373,0.96705,3,0
0,1.71245,2.49085,2.49085,1.77288,3,0
0,1.72777,5.55313,5.55313,3.06227,3,0
0,1.72293,4.58608,4.58608,0.96705,3,0
0,1.7181,3.61905,3.61905,0.967026,3,0
0,1.71165,2.32968,2.32968,1.28937,3,0
0,1.70359,0.71795,0.71795,1.61173,3,0
0,1.71487,2.97437,2.97437,2.25642,3,0
0,1.71326,2.65203,2.65203,0.322342,3,0
0,1.71084,2.16851,2.16851,0.483513,3,0
0,1.7052,1.04029,1.04029,1.12822,3,0
0,1.71648,3.29671,3.29671,2.25642,3,0
0,1.71487,2.97437,2.97437,0.322342,3,0
0,1.72132,4.26373,4.26373,1.28937,3,0
0,1.72938,5.87547,5.87547,1.61173,3,0
0,1.71487,2.97437,2.97437,2.9011,3,0
0,1.71004,2.00734,2.00734,0.967026,3,0
0,1.71487,2.97437,2.97437,0.967026,3,0
0,1.71407,2.8132,2.8132,0.161171,3,0
0,1.72051,4.10256,4.10256,1.28937,3,0
0,1.7181,3.61905,3.61905,0.483513,3,0
0,1.7052,1.04029,1.04029,2.57876,3,0
0,1.72615,5.23078,5.23078,4.19049,3,0
0,1.72132,4.26373,4.26373,0.96705,3,0
0,1.71971,3.94139,3.94139,0.322342,3,0
0,1.72132,4.26373,4.26373,0.322342,3,0
0,1.71487,2.97437,2.97437,1.28937,3,0
0,1.72777,5.55313,5.55313,2.57876,3,0
0,1.72132,4.26373,4.26373,1.28939,3,0
0,1.72696,5.39196,5.39196,1.12822,3,0
0,1.71971,3.94139,3.94139,1.45056,3,0
0,1.7189,3.78022,3.78022,0.161171,3,0
0,1.7189,3.78022,3.78022,0,3,0
0,1.72051,4.10256,4.10256,0.322342,3,0
0,1.72132,4.26373,4.26373,0.161171,3,0
0,1.72132,4.26373,4.26373,0,3,0
0,1.72777,5.55313,5.55313,1.28939,3,0
0,1.72132,4.26373,4.26373,1.28939,3,0
0,1.73099,6.19781,6.19781,1.93408,3,0
0,1.72454,4.90842,4.90842,1.28939,3,0
0,1.72051,4.10256,4.10256,0.805855,3,0
0,1.72777,5.55313,5.55313,1.45056,3,0
0,1.72938,5.87547,5.87547,0.322342,3,0
0,1.71487,2.97437,2.97437,2.9011,3,0
0,1.73421,6.84249,6.84249,3.86813,3,0
0,1.72132,4.26373,4.26373,2.57876,3,0
0,1.72938,5.87547,5.87547,1.61173,3,0
0,1.73421,6.84249,6.84249,0.967026,3,0
0,1.72132,4.26373,4.26373,2.57876,3,0
0,1.74066,8.13186,8.13186,3.86813,3,0
0,1.71648,3.29671,3.29671,4.83515,3,0
0,1.73985,7.97069,7.97069,4.67398,3,0
0,1.72615,5.23078,5.23078,2.73991,3,0
0,1.71648,3.29671,3.29671,1.93408,3,0
0,1.71568,3.13554,3.13554,0.161171,3,0
0,1.72696,5.39196,5.39196,2.25642,3,0
0,1.72777,5.55313,5.55313,0.161171,3,0
0,1.73582,7.16484,7.16484,1.61171,3,0
0,1.72696,5.39196,5.39196,1.77288,3,0
0,1.72132,4.26373,4.26373,1.12822,3,0
0,1.73099,6.19781,6.19781,1.93408,3,0
0,1.72938,5.87547,5.87547,0.322342,3,0
0,1.72777,5.55313,5.55313,0.322342,3,0
0,1.72777,5.55313,5.55313,0,3,0
0,1.73582,7.16484,7.16484,1.61171,3,0
0,1.71971,3.94139,3.94139,3.22344,3,0
0,1.72293,4.58608,4.58608,0.644684,3,0
0,1.72132,4.26373,4.26373,0.322342,3,0
0,1.72132,4.26373,4.26373,0,3,0
0,1.72777,5.55313,5.55313,1.28939,3,0
0,1.72454,4.90842,4.90842,0.644708,3,0
0,1.73744,7.48718,7.48718,2.57876,3,0
0,1.7189,3.78022,3.78022,3.70696,3,0
0,1.73341,6.68132,6.68132,2.9011,3,0
0,1.72857,5.7143,5.7143,0.967026,3,0
0,1.72938,5.87547,5.87547,0.161171,3,0
0,1.7181,3.61905,3.61905,2.25642,3,0
0,1.73744,7.48718,7.48718,3.86813,3,0
0,1.72777,5.55313,5.55313,1.93405,3,0
0,1.76806,13.6117,13.6117,8.0586,3,0
0,1.73179,6.35898,6.35898,7.25274,3,0
0,1.74388,8.77657,8.77657,2.41759,3,0
0,1.73341,6.68132,6.68132,2.09525,3,0
0,1.74711,9.42125,9.42125,2.73993,3,0
0,1.73099,6.19781,6.19781,3.22344,3,0
0,1.73502,7.00366,7.00366,0.805855,3,0
0,1.73341,6.68132,6.68132,0.322342,3,0
0,1.73341,6.68132,6.68132,0,3,0
0,1.74227,8.45423,8.45423,1.7729,3,0
0,1.7463,9.26008,9.26008,0.805855,3,0
0,1.75194,10.3883,10.3883,1.1282,3,0
0,1.74308,8.6154,8.6154,1.77288,3,0
0,1.7463,9.26008,9.26008,0.644684,3,0
0,1.75194,10.3883,10.3883,1.1282,3,0
0,1.74308,8.6154,8.6154,1.77288,3,0
0,1.74227,8.45423,8.45423,0.161171,3,0
0,1.74308,8.6154,8.6154,0.161171,3,0
0,1.7463,9.26008,9.26008,0.644684,3,0
0,1.74388,8.77657,8.77657,0.483513,3,0
0,1.75033,10.0659,10.0659,1.28937,3,0
0,1.74711,9.42125,9.42125,0.644684,3,0
0,1.74066,8.13186,8.13186,1.28939,3,0
0,1.73502,7.00366,7.00366,1.1282,3,0
0,1.73985,7.97069,7.97069,0.967026,3,0
0,1.73341,6.68132,6.68132,1.28937,3,0
0,1.74549,9.09891,9.09891,2.41759,3,0
0,1.73421,6.84249,6.84249,2.25642,3,0
0,1.75033,10.0659,10.0659,3.22344,3,0
0,1.74388,8.77657,8.77657,1.28937,3,0
0,1.75355,10.7106,10.7106,1.93405,3,0
0,1.74066,8.13186,8.13186,2.57876,3,0
0,1.74711,9.42125,9.42125,1.28939,3,0
0,1.74227,8.45423,8.45423,0.967026,3,0
0,1.73421,6.84249,6.84249,1.61173,3,0
0,1.76,12,12,5.15752,3,0
0,1.73421,6.84249,6.84249,5.15752,3,0
0,1.74711,9.42125,9.42125,2.57876,3,0
0,1.75275,10.5494,10.5494,1.1282,3,0
0,1.74227,8.45423,8.45423,2.09522,3,0
0,1.74711,9.42125,9.42125,0.967026,3,0
0,1.74066,8.13186,8.13186,1.28939,3,0
0,1.74066,8.13186,8.13186,0,3,0
0,1.74066,8.13186,8.13186,0,3,0
0,1.75194,10.3883,10.3883,2.25642,3,0
0,1.76161,12.3224,12.3224,1.93408,3,0
0,1.75194,10.3883,10.3883,1.93408,3,0
0,1.76,12,12,1.61173,3,0
0,1.74549,9.09891,9.09891,2.9011,3,0
0,1.73744,7.48718,7.48718,1.61173,3,0
0,1.75033,10.0659,10.0659,2.57876,3,0
0,1.74066,8.13186,8.13186,1.93408,3,0
0,1.74227,8.45423,8.45423,0.322366,3,0
0,1.75114,10.2271,10.2271,1.77288,3,0
0,1.72535,5.06959,5.06959,5.15752,3,0
0,1.73099,6.19781,6.19781,1.12822,3,0
0,1.73421,6.84249,6.84249,0.644684,3,0
0,1.72777,5.55313,5.55313,1.28937,3,0
0,1.72938,5.87547,5.87547,0.322342,3,0
0,1.73179,6.35898,6.35898,0.483513,3,0
0,1.73582,7.16484,7.16484,0.805855,3,0
0,1.74711,9.42125,9.42125,2.25642,3,0
0,1.73985,7.97069,7.97069,1.45056,3,0
0,1.73582,7.16484,7.16484,0.805855,3,0
0,1.73099,6.19781,6.19781,0.967026,3,0
0,1.7326,6.52015,6.52015,0.322342,3,0
0,1.73985,7.97069,7.97069,1.45054,3,0
0,1.73502,7.00366,7.00366,0.967026,3,0
0,1.75033,10.0659,10.0659,3.06227,3,0
0,1.73744,7.48718,7.48718,2.57876,3,0
0,1.74147,8.29303,8.29303,0.805855,3,0
0,1.74388,8.77657,8.77657,0.483537,3,0
0,1.74711,9.42125,9.42125,0.644684,3,0
0,1.72777,5.55313,5.55313,3.86813,3,0
0,1.72857,5.7143,5.7143,0.161171,3,0
0,1.73744,7.48718,7.48718,1.77288,3,0
0,1.72535,5.06959,5.06959,2.41759,3,0
0,1.73663,7.32601,7.32601,2.25642,3,0
0,1.72938,5.87547,5.87547,1.45054,3,0
0,1.72132,4.26373,4.26373,1.61173,3,0
0,1.72777,5.55313,5.55313,1.28939,3,0
0,1.73099,6.19781,6.19781,0.644684,3,0
0,1.72777,5.55313,5.55313,0.644684,3,0
0,1.73663,7.32601,7.32601,1.77288,3,0
0,1.73905,7.80952,7.80952,0.483513,3,0
0,1.72454,4.90842,4.90842,2.9011,3,0
0,1.73179,6.35898,6.35898,1.45056,3,0
0,1.73824,7.64835,7.64835,1.28937,3,0
0,1.73179,6.35898,6.35898,1.28937,3,0
0,1.72777,5.55313,5.55313,0.805855,3,0
0,1.72777,5.55313,5.55313,0,3,0
0,1.73582,7.16484,7.16484,1.61171,3,0
0,1.72938,5.87547,5.87547,1.28937,3,0
0,1.73985,7.97069,7.97069,2.09522,3,0
0,1.73582,7.16484,7.16484,0.805855,3,0
0,1.74066,8.13186,8.13186,0.967026,3,0
0,1.73018,6.03664,6.03664,2.09522,3,0
0,1.72777,5.55313,5.55313,0.483513,3,0
0,1.72132,4.26373,4.26373,1.28939,3,0
0,1.73099,6.19781,6.19781,1.93408,3,0
0,1.72777,5.55313,5.55313,0.644684,3,0
0,1.72132,4.26373,4.26373,1.28939,3,0
0,1.73341,6.68132,6.68132,2.41759,3,0
0,1.71729,3.45788,3.45788,3.22344,3,0
0,1.72212,4.42491,4.42491,0.967026,3,0
0,1.71648,3.29671,3.29671,1.1282,3,0
0,1.72374,4.74725,4.74725,1.45054,3,0
0,1.7326,6.52015,6.52015,1.7729,3,0
0,1.73179,6.35898,6.35898,0.161171,3,0
0,1.7189,3.78022,3.78022,2.57876,3,0
0,1.72132,4.26373,4.26373,0.483513,3,0
0,1.72938,5.87547,5.87547,1.61173,3,0
0,1.72777,5.55313,5.55313,0.322342,3,0
0,1.71648,3.29671,3.29671,2.25642,3,0
0,1.71568,3.13554,3.13554,0.161171,3,0
0,1.73018,6.03664,6.03664,2.9011,3,0
0,1.72777,5.55313,5.55313,0.483513,3,0
0,1.72696,5.39196,5.39196,0.161171,3,0
0,1.72132,4.26373,4.26373,1.12822,3,0
0,1.71648,3.29671,3.29671,0.967026,3,0
0,1.72454,4.90842,4.90842,1.61171,3,0
0,1.7181,3.61905,3.61905,1.28937,3,0
0,1.73018,6.03664,6.03664,2.41759,3,0
0,1.72454,4.90842,4.90842,1.12822,3,0
0,1.72374,4.74725,4.74725,0.161171,3,0
0,1.72132,4.26373,4.26373,0.483513,3,0
0,1.71729,3.45788,3.45788,0.805855,3,0
0,1.73421,6.84249,6.84249,3.38461,3,0
0,1.71729,3.45788,3.45788,3.38461,3,0
0,1.73663,7.32601,7.32601,3.86813,3,0
0,1.72132,4.26373,4.26373,3.06227,3,0
0,1.72777,5.55313,5.55313,1.28939,3,0
0,1.72857,5.7143,5.7143,0.161171,3,0
0,1.73099,6.19781,6.19781,0.483513,3,0
0,1.73421,6.84249,6.84249,0.644684,3,0
0,1.71568,3.13554,3.13554,3.70696,3,0
0,1.72938,5.87547,5.87547,2.73993,3,0
0,1.73421,6.84249,6.84249,0.967026,3,0
0,1.7181,3.61905,3.61905,3.22344,3,0
0,1.71487,2.97437,2.97437,0.644684,3,0
0,1.71487,2.97437,2.97437,0,3,0
0,1.71245,2.49085,2.49085,0.483513,3,0
0,1.72132,4.26373,4.26373,1.77288,3,0
0,1.73421,6.84249,6.84249,2.57876,3,0
0,1.72777,5.55313,5.55313,1.28937,3,0
0,1.72132,4.26373,4.26373,1.28939,3,0
0,1.72696,5.39196,5.39196,1.12822,3,0
0,1.7189,3.78022,3.78022,1.61173,3,0
0,1.72293,4.58608,4.58608,0.805855,3,0
0,1.7181,3.61905,3.61905,0.967026,3,0
0,1.72777,5.55313,5.55313,1.93408,3,0
0,1.71568,3.13554,3.13554,2.41759,3,0
0,1.72696,5.39196,5.39196,2.25642,3,0
0,1.71568,3.13554,3.13554,2.25642,3,0
0,1.72696,5.39196,5.39196,2.25642,3,0
0,1.71487,2.97437,2.97437,2.41759,3,0
0,1.72777,5.55313,5.55313,2.57876,3,0
0,1.72051,4.10256,4.10256,1.45056,3,0
0,1.72777,5.55313,5.55313,1.45056,3,0
0,1.72132,4.26373,4.26373,1.28939,3,0
0,1.71487,2.97437,2.97437,1.28937,3,0
0,1.71971,3.94139,3.94139,0.967026,3,0
0,1.71729,3.45788,3.45788,0.483513,3,0
0,1.72696,5.39196,5.39196,1.93408,3,0
0,1.72535,5.06959,5.06959,0.322366,3,0
0,1.7181,3.61905,3.61905,1.45054,3,0
0,1.72293,4.58608,4.58608,0.967026,3,0
0,1.72696,5.39196,5.39196,0.805879,3,0
0,1.72132,4.26373,4.26373,1.12822,3,0
0,1.72454,4.90842,4.90842,0.644684,3,0
0,1.73018,6.03664,6.03664,1.12822,3,0
0,1.72696,5.39196,5.39196,0.644684,3,0
0,1.72454,4.90842,4.90842,0.483537,3,0
0,1.72535,5.06959,5.06959,0.161171,3,0
0,1.71487,2.97437,2.97437,2.09522,3,0
0,1.73099,6.19781,6.19781,3.22344,3,0
0,1.72132,4.26373,4.26373,1.93408,3,0
0,1.72615,5.23078,5.23078,0.96705,3,0
0,1.71165,2.32968,2.32968,2.9011,3,0
0,1.7326,6.52015,6.52015,4.19047,3,0
0,1.73018,6.03664,6.03664,0.483513,3,0
0,1.71165,2.32968,2.32968,3.70696,3,0
0,1.74227,8.45423,8.45423,6.12454,3,0
0,1.72212,4.42491,4.42491,4.02932,3,0
0,1.72777,5.55313,5.55313,1.12822,3,0
0,1.71487,2.97437,2.97437,2.57876,3,0
0,1.6915,0,0,2.97437,3,0
0,1.65604,0,0,0,3,0
0,1.70601,1.20146,1.20146,1.20146,3,0
0,1.71407,2.8132,2.8132,1.61173,3,0
0,1.72132,4.26373,4.26373,1.45054,3,0
0,1.71487,2.97437,2.97437,1.28937,3,0
0,1.67538,0,0,2.97437,3,0
0,1.69231,0,0,0,3,0
0,1.68908,0,0,0,3,0
0,1.71084,2.16851,2.16851,2.16851,3,0
0,1.71568,3.13554,3.13554,0.967026,3,0
0,1.71648,3.29671,3.29671,0.161171,3,0
0,1.72535,5.06959,5.06959,1.77288,3,0
0,1.71165,2.32968,2.32968,2.73991,3,0
0,1.71487,2.97437,2.97437,0.644684,3,0
0,1.7181,3.61905,3.61905,0.644684,3,0
0,1.72132,4.26373,4.26373,0.644684,3,0
0,1.72938,5.87547,5.87547,1.61173,3,0
0,1.74066,8.13186,8.13186,2.25639,3,0
0,1.71648,3.29671,3.29671,4.83515,3,0
0,1.72615,5.23078,5.23078,1.93408,3,0
0,1.75355,10.7106,10.7106,5.47984,3,0
0,1.71487,2.97437,2.97437,7.73625,3,0
0,1.65685,0,0,2.97437,3,0
0,1.59883,0,0,0,3,0
0,1.59158,0,0,0,3,0
0,1.60205,0,0,0,3,0
0,1.61172,0,0,0,3,0
0,1.60608,0,0,0,3,0
0,1.61897,0,0,0,3,0
0,1.61575,0,0,0,3,0
0,1.60608,0,0,0,3,0
0,1.62623,0,0,0,3,0
0,1.623,0,0,0,3,0
0,1.60205,0,0,0,3,0
0,1.61333,0,0,0,3,0
0,1.62462,0,0,0,3,0
0,1.62462,0,0,0,3,0
0,1.61817,0,0,0,3,0
0,1.61333,0,0,0,3,0
0,1.62784,0,0,0,3,0
0,1.62381,0,0,0,3,0
0,1.62381,0,0,0,3,0
0,1.62462,0,0,0,3,0
0,1.61978,0,0,0,3,0
0,1.62462,0,0,0,3,0
0,1.61736,0,0,0,3,0
0,1.61333,0,0,0,3,0
0,1.6085,0,0,0,3,0
0,1.62462,0,0,0,3,0
0,1.62139,0,0,0,3,0
0,1.62139,0,0,0,3,0
0,1.63267,0,0,0,3,0
0,1.62784,0,0,0,3,0
0,1.60769,0,0,0,3,0
0,1.61092,0,0,0,3,0
0,1.61172,0,0,0,3,0
0,1.61817,0,0,0,3,0
0,1.61172,0,0,0,3,0
0,1.62462,0,0,0,3,0
0,1.62381,0,0,0,3,0
0,1.61414,0,0,0,3,0
0,1.6085,0,0,0,3,0
0,1.61495,0,0,0,3,0
0,1.61172,0,0,0,3,0
0,1.6504,0,0,0,3,0
0,1.66007,0,0,0,3,0
0,1.66974,0,0,0,3,0
0,1.68586,0,0,0,3,0
0,1.66974,0,0,0,3,0
0,1.68908,0,0,0,3,0
0,1.68425,0,0,0,3,0
0,1.68828,0,0,0,3,0
0,1.64073,0,0,0,3,0
0,1.62139,0,0,0,3,0
0,1.63831,0,0,0,3,0
0,1.63106,0,0,0,3,0
0,1.61978,0,0,0,3,0
0,1.66007,0,0,0,3,0
0,1.70359,0.71795,0.71795,0.71795,3,0
0,1.73582,7.16484,7.16484,6.44689,3,0
0,1.76322,12.6447,12.6447,5.47986,3,0
0,1.73502,7.00366,7.00366,5.64103,3,0
0,1.73985,7.97069,7.97069,0.967026,3,0
0,1.73421,6.84249,6.84249,1.1282,3,0
0,1.72777,5.55313,5.55313,1.28937,3,0
0,1.67619,0,0,5.55313,3,0
0,1.52791,0,0,0,3,0
0,1.53436,0,0,0,3,0
0,1.49245,0,0,0,3,0
0,1.40542,0,0,0,3,0
0,1.37963,0,0,0,3,0
0,1.97919,55.8388,55.8388,55.8388,3,0
0,1.78498,16.9963,16.9963,38.8425,3,0
0,1.7181,3.61905,3.61905,13.3773,3,0
0,1.78901,17.8022,17.8022,14.1831,3,0
0,1.78901,17.8022,17.8022,0,3,0
0,1.8285,25.6996,25.6996,7.89745,3,0
0,1.76645,13.2894,13.2894,12.4103,3,0
0,1.72857,5.7143,5.7143,7.57508,3,0
0,1.50374,0,0,5.7143,3,0
0,1.4578,0,0,0,3,0
0,1.46667,0,0,0,3,0
0,1.46989,0,0,0,3,0
0,1.46667,0,0,0,3,0
0,1.4981,0,0,0,3,0
0,1.51985,0,0,0,3,0
0,1.46344,0,0,0,3,0
0,1.45377,0,0,0,3,0
0,1.43443,0,0,0,3,0
0,1.4441,0,0,0,3,0
0,1.47634,0,0,0,3,0
0,1.48278,0,0,0,3,0
0,1.50696,0,0,0,3,0
0,1.50857,0,0,0,3,0
0,1.52872,0,0,0,3,0
0,1.54886,0,0,0,3,0
0,1.53436,0,0,0,3,0
0,1.50212,0,0,0,3,0
0,1.51824,0,0,0,3,0
0,1.52791,0,0,0,3,0
0,1.52952,0,0,0,3,0
0,1.54725,0,0,0,3,0
0,1.53678,0,0,0,3,0
0,1.54725,0,0,0,3,0
0,1.55692,0,0,0,3,0
0,1.54725,0,0,0,3,0
0,1.53758,0,0,0,3,0
0,1.55692,0,0,0,3,0
0,1.51663,0,0,0,3,0
0,1.56579,0,0,0,3,0
0,1.54725,0,0,0,3,0
0,1.53839,0,0,0,3,0
0,1.52147,0,0,0,3,0
0,1.55934,0,0,0,3,0
0,1.56498,0,0,0,3,0
0,1.51099,0,0,0,3,0
0,1.54725,0,0,0,3,0
0,1.56176,0,0,0,3,0
0,1.55289,0,0,0,3,0
0,1.5537,0,0,0,3,0
0,1.56659,0,0,0,3,0
0,1.56982,0,0,0,3,0
0,1.57304,0,0,0,3,0
0,1.58271,0,0,0,3,0
0,1.60125,0,0,0,3,0
0,1.57949,0,0,0,3,0
0,1.60608,0,0,0,3,0
0,1.61575,0,0,0,3,0
0,1.62462,0,0,0,3,0
0,1.8019,20.381,20.381,20.381,3,0
0,2.25238,110.476,0,90.0953,3,1
0,1.81722,23.4432,0,87.033,3,1
0,1.77209,14.4176,0,9.02565,3,1
0,1.91714,43.4286,0,29.011,3,1
0,2.02593,65.1868,65.1868,21.7583,3,1
0,1.9937,58.7399,58.7399,6.44691,3,0
0,2.00498,60.9963,60.9963,2.25642,3,0
0,2.01304,62.6081,62.6081,1.61171,3,0
0,1.99853,59.707,59.707,2.9011,3,0
0,2.01707,63.4139,63.4139,3.70695,3,0
0,2.03722,67.4432,67.4432,4.02932,3,0
0,2.04366,68.7326,68.7326,1.28937,3,0
0,2.08879,77.7582,77.7582,9.02562,3,0
0,2.07106,74.2125,74.2125,3.54576,3,0
0,2.05575,71.1502,71.1502,3.06229,3,0
0,2.04366,68.7326,68.7326,2.41756,3,0
0,2.03077,66.1539,66.1539,2.57874,3,0
0,2.04527,69.0549,69.0549,2.90108,3,0
0,2.07106,74.2125,74.2125,5.15752,3,0
0,2.06945,73.8901,73.8901,0.322342,3,0
0,2.05011,70.022,70.022,3.86815,3,0
0,2.05333,70.6666,70.6666,0.644684,3,0
0,1.97355,54.7106,54.7106,15.956,3,0
0,2.01868,63.7362,63.7362,9.02562,3,0
0,2.04366,68.7326,68.7326,4.99635,3,0
0,2.0348,66.9597,66.9597,1.77288,3,0
0,2.05172,70.3443,70.3443,3.38459,3,0
0,2.04689,69.3773,69.3773,0.967026,3,0
0,2.04366,68.7326,68.7326,0.644684,3,0
0,2.01868,63.7362,63.7362,4.99635,3,0
0,2.03077,66.1539,66.1539,2.41761,3,0
0,2.0348,66.9597,66.9597,0.805855,3,0
0,2.05172,70.3443,70.3443,3.38459,3,0
0,2.0493,69.8608,69.8608,0.483513,3,0
0,2.03722,67.4432,67.4432,2.41756,3,0
0,2.04125,68.2491,68.2491,0.805855,3,0
0,2.03963,67.9267,67.9267,0.322342,3,0
0,2.02513,65.0257,65.0257,2.90108,3,0
0,2.01143,62.2857,62.2857,2.73996,3,0
0,2.01707,63.4139,63.4139,1.1282,3,0
0,2.01143,62.2857,62.2857,1.1282,3,0
0,2.01788,63.5751,63.5751,1.28937,3,0
0,2.03238,66.4762,66.4762,2.90113,3,0
0,2.01143,62.2857,62.2857,4.19049,3,0
0,1.68828,0,0,62.2857,3,0
0,1.68425,0,0,0,3,0
0,1.69553,0,0,0,3,0
0,1.6907,0,0,0,3,0
0,1.6907,0,0,0,3,0
0,1.69311,0,0,0,3,0
0,1.69553,0,0,0,3,0
0,1.70037,0.073266,0.073266,0.073266,3,0
0,1.69634,0,0,0.073266,3,0
0,1.68989,0,0,0,3,0
0,1.69473,0,0,0,3,0
0,1.69231,0,0,0,3,0
0,1.6907,0,0,0,3,0
0,1.69473,0,0,0,3,0
0,1.69553,0,0,0,3,0
0,1.6915,0,0,0,3,0
0,1.6915,0,0,0,3,0
0,1.68264,0,0,0,3,0
0,1.69311,0,0,0,3,0
0,1.68908,0,0,0,3,0
0,1.69714,0,0,0,3,0
0,1.6915,0,0,0,3,0
0,1.69634,0,0,0,3,0
0,1.69553,0,0,0,3,0
0,1.70117,0.234437,0.234437,0.234437,3,0
0,1.6907,0,0,0.234437,3,0
0,1.69231,0,0,0,3,0
0,1.69473,0,0,0,3,0
0,1.68747,0,0,0,3,0
0,1.68667,0,0,0,3,0
0,1.68828,0,0,0,3,0
0,1.68908,0,0,0,3,0
0,1.68828,0,0,0,3,0
0,1.69553,0,0,0,3,0
0,1.68989,0,0,0,3,0
0,1.69231,0,0,0,3,0
0,1.68908,0,0,0,3,0
0,1.69392,0,0,0,3,0
0,1.69553,0,0,0,3,0
0,1.68344,0,0,0,3,0
0,1.69231,0,0,0,3,0
0,1.68506,0,0,0,3,0
0,1.68908,0,0,0,3,0
0,1.69553,0,0,0,3,0
0,1.69231,0,0,0,3,0
0,1.69231,0,0,0,3,0
0,1.6915,0,0,0,3,0
0,1.69231,0,0,0,3,0
0,1.69714,0,0,0,3,0
0,1.69392,0,0,0,3,0
0,1.69553,0,0,0,3,0
0,1.69714,0,0,0,3,0
0,1.70117,0.234437,0.234437,0.234437,3,0
0,1.69714,0,0,0.234437,3,0
0,1.69231,0,0,0,3,0
0,1.6907,0,0,0,3,0
0,1.68908,0,0,0,3,0
0,1.69875,0,0,0,3,0
0,1.68908,0,0,0,3,0
0,1.69553,0,0,0,3,0
0,1.69231,0,0,0,3,0
0,1.69231,0,0,0,3,0
0,1.68908,0,0,0,3,0
0,1.68908,0,0,0,3,0
0,1.68667,0,0,0,3,0
0,1.68264,0,0,0,3,0
0,1.69553,0,0,0,3,0
0,1.68586,0,0,0,3,0
0,1.69553,0,0,0,3,0
0,1.68425,0,0,0,3,0
0,1.68747,0,0,0,3,0
0,1.70037,0.073266,0.073266,0.073266,3,0
0,1.69231,0,0,0.073266,3,0
0,1.70117,0.234437,0.234437,0.234437,3,0
0,1.69553,0,0,0.234437,3,0
0,1.69392,0,0,0,3,0
0,1.7181,3.61905,3.61905,3.61905,3,0
0,1.69795,0,0,3.61905,3,0
0,1.68586,0,0,0,3,0
0,1.69553,0,0,0,3,0
0,1.69231,0,0,0,3,0
0,1.68908,0,0,0,3,0
0,1.68908,0,0,0,3,0
0,1.69231,0,0,0,3,0
0,1.6907,0,0,0,3,0
0,1.69231,0,0,0,3,0
0,1.68908,0,0,0,3,0
0,1.68908,0,0,0,3,0
0,1.68908,0,0,0,3,0
0,1.69231,0,0,0,3,0
0,1.69231,0,0,0,3,0
0,1.68586,0,0,0,3,0
0,1.68344,0,0,0,3,0
0,1.68425,0,0,0,3,0
0,1.69553,0,0,0,3,0
0,1.68908,0,0,0,3,0
0,1.68425,0,0,0,3,0
0,1.6907,0,0,0,3,0
0,1.68908,0,0,0,3,0
0,1.69311,0,0,0,3,0
0,1.69553,0,0,0,3,0
0,1.69231,0,0,0,3,0
0,1.69553,0,0,0,3,0
0,1.70117,0.234437,0.234437,0.234437,3,0
0,1.69553,0,0,0.234437,3,0
0,1.6907,0,0,0,3,0
0,1.69392,0,0,0,3,0
0,1.68908,0,0,0,3,0
0,1.68586,0,0,0,3,0
0,1.69553,0,0,0,3,0
0,1.6915,0,0,0,3,0
0,1.69553,0,0,0,3,0
0,1.69392,0,0,0,3,0
0,1.69553,0,0,0,3,0
0,1.68828,0,0,0,3,0
0,1.68344,0,0,0,3,0
0,1.6907,0,0,0,3,0
0,1.68344,0,0,0,3,0
0,1.68908,0,0,0,3,0
0,1.69956,0,0,0,3,0
0,1.68908,0,0,0,3,0
0,1.68908,0,0,0,3,0
0,1.68908,0,0,0,3,0
0,1.69231,0,0,0,3,0
0,1.69553,0,0,0,3,0
0,1.69553,0,0,0,3,0
0,1.69553,0,0,0,3,0
0,1.69553,0,0,0,3,0
0,1.68908,0,0,0,3,0
0,1.68908,0,0,0,3,0
0,1.69231,0,0,0,3,0
0,1.68586,0,0,0,3,0
0,1.68989,0,0,0,3,0
0,1.6907,0,0,0,3,0
0,1.69553,0,0,0,3,0
0,1.68908,0,0,0,3,0
0,1.68586,0,0,0,3,0
0,1.68828,0,0,0,3,0
0,1.68989,0,0,0,3,0
0,1.69553,0,0,0,3,0
0,1.6915,0,0,0,3,0
0,1.69553,0,0,0,3,0
0,1.69875,0,0,0,3,0
0,1.68586,0,0,0,3,0
0,1.68264,0,0,0,3,0
0,1.70037,0.073266,0.073266,0.073266,3,0
0,1.70198,0.395608,0.395608,0.322342,3,0
0,1.69714,0,0,0.395608,3,0
0,1.69231,0,0,0,3,0
0,1.68506,0,0,0,3,0
0,1.68908,0,0,0,3,0
0,1.68264,0,0,0,3,0
0,1.68586,0,0,0,3,0
0,1.69553,0,0,0,3,0
0,1.68908,0,0,0,3,0
0,1.68828,0,0,0,3,0
0,1.68586,0,0,0,3,0
0,1.69231,0,0,0,3,0
0,1.69231,0,0,0,3,0
0,1.67941,0,0,0,3,0
0,1.69553,0,0,0,3,0
0,1.69553,0,0,0,3,0
0,1.69553,0,0,0,3,0
0,1.69553,0,0,0,3,0
0,1.69231,0,0,0,3,0
0,1.68103,0,0,0,3,0
0,1.68586,0,0,0,3,0
0,1.69231,0,0,0,3,0
0,1.68264,0,0,0,3,0
0,1.69231,0,0,0,3,0
0,1.6915,0,0,0,3,0
0,1.68264,0,0,0,3,0
0,1.68908,0,0,0,3,0
0,1.6907,0,0,0,3,0
0,1.68425,0,0,0,3,0
0,1.68828,0,0,0,3,0
0,1.68344,0,0,0,3,0
0,1.68425,0,0,0,3,0
0,1.69553,0,0,0,3,0
0,1.68908,0,0,0,3,0
0,1.69231,0,0,0,3,0
0,1.69311,0,0,0,3,0
0,1.6915,0,0,0,3,0
0,1.6907,0,0,0,3,0
0,1.68264,0,0,0,3,0
0,1.68908,0,0,0,3,0
0,1.69311,0,0,0,3,0
0,1.69553,0,0,0,3,0
0,1.69473,0,0,0,3,0
0,1.67941,0,0,0,3,0
0,1.68586,0,0,0,3,0
0,1.68747,0,0,0,3,0
0,1.68908,0,0,0,3,0
0,1.69231,0,0,0,3,0
0,1.68506,0,0,0,3,0
0,1.69311,0,0,0,3,0
0,1.68908,0,0,0,3,0
0,1.67941,0,0,0,3,0
0,1.70117,0.234437,0.234437,0.234437,3,0
0,1.70359,0.71795,0.71795,0.483513,3,0
0,1.69231,0,0,0.71795,3,0
0,1.69392,0,0,0,3,0
0,1.69714,0,0,0,3,0
0,1.69553,0,0,0,3,0
0,1.69553,0,0,0,3,0
0,1.69553,0,0,0,3,0
0,1.69231,0,0,0,3,0
0,1.69231,0,0,0,3,0
0,1.69231,0,0,0,3,0
0,1.69473,0,0,0,3,0
0,1.69231,0,0,0,3,0
0,1.68425,0,0,0,3,0
0,1.69231,0,0,0,3,0
0,1.68828,0,0,0,3,0
0,1.68425,0,0,0,3,0
0,1.69231,0,0,0,3,0
0,1.68586,0,0,0,3,0
0,1.68828,0,0,0,3,0
0,1.68908,0,0,0,3,0
0,1.69231,0,0,0,3,0
0,1.68908,0,0,0,3,0
0,1.69875,0,0,0,3,0
0,1.6907,0,0,0,3,0
0,1.6907,0,0,0,3,0
0,1.68908,0,0,0,3,0
0,1.69392,0,0,0,3,0
0,1.70037,0.073266,0.073266,0.073266,3,0
0,1.69553,0,0,0.073266,3,0
0,1.68828,0,0,0,3,0
0,1.68989,0,0,0,3,0
0,1.6907,0,0,0,3,0
0,1.68828,0,0,0,3,0
0,1.6915,0,0,0,3,0
0,1.68264,0,0,0,3,0
0,1.68264,0,0,0,3,0
0,1.68989,0,0,0,3,0
0,1.68506,0,0,0,3,0
0,1.69553,0,0,0,3,0
0,1.68989,0,0,0,3,0
0,1.68586,0,0,0,3,0
0,1.68344,0,0,0,3,0
0,1.68828,0,0,0,3,0
0,1.68586,0,0,0,3,0
0,1.69231,0,0,0,3,0
0,1.68908,0,0,0,3,0
0,1.69553,0,0,0,3,0
0,1.68425,0,0,0,3,0
0,1.68586,0,0,0,3,0
0,1.70198,0.395608,0.395608,0.395608,3,0
0,1.69553,0,0,0.395608,3,0
0,1.70198,0.395608,0.395608,0.395608,3,0
0,1.69311,0,0,0.395608,3,0
0,1.69553,0,0,0,3,0
0,1.70117,0.234437,0.234437,0.234437,3,0
0,1.69634,0,0,0.234437,3,0
0,1.69231,0,0,0,3,0
0,1.69553,0,0,0,3,0
0,1.69392,0,0,0,3,0
0,1.69553,0,0,0,3,0
0,1.69231,0,0,0,3,0
0,1.68828,0,0,0,3,0
0,1.68344,0,0,0,3,0
0,1.68425,0,0,0,3,0
0,1.68506,0,0,0,3,0
0,1.69473,0,0,0,3,0
0,1.68908,0,0,0,3,0
0,1.68747,0,0,0,3,0
0,1.6915,0,0,0,3,0
0,1.70037,0.073266,0.073266,0.073266,3,0
0,1.68908,0,0,0.073266,3,0
0,1.69473,0,0,0,3,0
0,1.68989,0,0,0,3,0
0,1.68908,0,0,0,3,0
0,1.68908,0,0,0,3,0
0,1.68908,0,0,0,3,0
0,1.6907,0,0,0,3,0
0,1.68908,0,0,0,3,0
0,1.6915,0,0,0,3,0
0,1.69231,0,0,0,3,0
0,1.68908,0,0,0,3,0
0,1.69553,0,0,0,3,0
0,1.69392,0,0,0,3,0
0,1.70037,0.073266,0.073266,0.073266,3,0
0,1.7044,0.879121,0.879121,0.805855,3,0
0,1.69473,0,0,0.879121,3,0
0,1.70198,0.395608,0.395608,0.395608,3,0
0,1.69553,0,0,0.395608,3,0
0,1.68989,0,0,0,3,0
0,1.69553,0,0,0,3,0
0,1.69714,0,0,0,3,0
0,1.68908,0,0,0,3,0
0,1.69231,0,0,0,3,0
0,1.69553,0,0,0,3,0
0,1.69553,0,0,0,3,0
0,1.68828,0,0,0,3,0
0,1.68586,0,0,0,3,0
0,1.68425,0,0,0,3,0
0,1.68908,0,0,0,3,0
0,1.68586,0,0,0,3,0
0,1.68908,0,0,0,3,0
0,1.68908,0,0,0,3,0
0,1.69714,0,0,0,3,0
0,1.68586,0,0,0,3,0
0,1.69392,0,0,0,3,0
0,1.69553,0,0,0,3,0
0,1.68022,0,0,0,3,0
0,1.69231,0,0,0,3,0
0,1.69714,0,0,0,3,0
0,1.69553,0,0,0,3,0
0,1.69231,0,0,0,3,0
0,1.68586,0,0,0,3,0
0,1.68989,0,0,0,3,0
0,1.68425,0,0,0,3,0
0,1.6915,0,0,0,3,0
0,1.68586,0,0,0,3,0
0,1.68908,0,0,0,3,0
0,1.68586,0,0,0,3,0
0,1.68908,0,0,0,3,0
0,1.6907,0,0,0,3,0
0,1.68989,0,0,0,3,0
0,1.69875,0,0,0,3,0
0,1.70117,0.234437,0.234437,0.234437,3,0
0,1.69231,0,0,0.234437,3,0
0,1.68908,0,0,0,3,0
0,1.70198,0.395608,0.395608,0.395608,3,0
0,1.69553,0,0,0.395608,3,0
0,1.69714,0,0,0,3,0
0,1.69714,0,0,0,3,0
0,1.6907,0,0,0,3,0
0,1.6907,0,0,0,3,0
0,1.68908,0,0,0,3,0
0,1.68586,0,0,0,3,0
0,1.68344,0,0,0,3,0
0,1.68667,0,0,0,3,0
0,1.68908,0,0,0,3,0
0,1.68908,0,0,0,3,0
0,1.69231,0,0,0,3,0
0,1.68667,0,0,0,3,0
0,1.68908,0,0,0,3,0
0,1.68989,0,0,0,3,0
0,1.69634,0,0,0,3,0
0,1.69553,0,0,0,3,0
0,1.68908,0,0,0,3,0
0,1.70198,0.395608,0.395608,0.395608,3,0
0,1.69553,0,0,0.395608,3,0
0,1.69231,0,0,0,3,0
0,1.69392,0,0,0,3,0
0,1.7052,1.04029,1.04029,1.04029,3,0
0,1.68425,0,0,1.04029,3,0
0,1.68989,0,0,0,3,0
0,1.68828,0,0,0,3,0
0,1.68989,0,0,0,3,0
0,1.69231,0,0,0,3,0
0,1.69231,0,0,0,3,0
0,1.68747,0,0,0,3,0
0,1.68425,0,0,0,3,0
0,1.69231,0,0,0,3,0
0,1.68908,0,0,0,3,0
0,1.68908,0,0,0,3,0
